L5159270,US,US-VT,US-VT-001,44.0309168,-73.0882645,Abbey Pond Trail,2026-09-06 11:47,61,15
L4380556,US,US-VT,US-VT-025,42.7543548,-72.6468587,Abijah Prince Pond,2016-03-13 16:20,2,1
L7530599,US,US-VT,US-VT-001,44.120849,-72.969268,Abraham's Knees (restricted access),2026-05-26 13:28,63,8
L53697246,US,US-VT,US-VT-023,44.3306946,-72.5040871,Adamant Pond,2026-09-27 08:27,108,139
L17120394,US,US-VT,US-VT-001,44.0435983,-72.8087377,Adams Mountain,2021-12-17 11:44,3,1
L751851,US,US-VT,US-VT-003,42.8862584,-73.0395716,Adams Reservoir - Woodford (21 acres),2026-09-12 12:32,78,53
L12749182,US,US-VT,US-VT-001,44.089017,-73.302552,Addison Town Center and Four Corners,2026-09-17 09:50,40,8
L1135382,US,US-VT,US-VT-027,43.7956826,-72.4967515,Ainsworth Farm,2026-08-22 11:45,129,385
L520221,US,US-VT,US-VT-021,43.5861419,-72.9159164,Aitken State Forest,2025-10-16 12:06,105,269
L33524819,US,US-VT,US-VT-019,44.7376401,-72.3757414,Albany Community School Nature Trails,2026-06-03 15:14,12,1
L1652448,US,US-VT,US-VT-013,44.866077,-73.29846,Alburg Dunes State Park,2026-09-12 13:44,153,222
L6280994,US,US-VT,US-VT-013,44.9708676,-73.2309002,Alburgh Lakeshore Park,2026-09-12 11:07,69,19
L58116157,US,US-VT,US-VT-013,44.9695016,-73.2664399,Alburgh Recreational Rail-Trail,2026-09-24 12:42,78,47
L1909158,US,US-VT,US-VT-011,44.8196553,-73.0707228,Aldis Hill Park and Hard'ack,2026-08-20 17:15,109,174
L201202,US,US-VT,US-VT-025,43.0959244,-72.4475006,Allen Brothers Marsh,2026-09-29 11:22,193,3372
L1324790,US,US-VT,US-VT-017,44.0429334,-72.6361084,Allis State Park,2026-07-03 11:10,68,56
L751853,US,US-VT,US-VT-027,43.4870973,-72.7043442,Amherst Lake - Plymouth (81 acres),2026-06-03 18:57,103,128
L1582582,US,US-VT,US-VT-027,43.742551,-72.5344319,Amity Pond Natural Area State Park,2026-09-17 07:50,61,14
L751854,US,US-VT,US-VT-027,43.242532,-72.7484428,Andover Pond - Andover (11 acres),2022-05-29 09:20,58,16
L11558195,US,US-VT,US-VT-007,44.4036165,-72.9741447,Andrews Community Forest,2026-04-22 13:25,93,55
L24602207,US,US-VT,US-VT-025,43.11996,-72.791485,Angel Falls Trailhead,2026-04-10 17:46,40,6
L884099,US,US-VT,US-VT-027,43.8368175,-72.6170111,"Ansel Pond, Bethel",2025-09-01 11:00,37,14
L2266543,US,US-VT,US-VT-007,44.2110162,-72.9316003,Appalachian Gap,2026-08-24 14:40,101,238
L10700108,US,US-VT,US-VT-003,43.0808,-73.1515217,Arlington Recreation Park,2026-07-05 14:05,65,16
L5742264,US,US-VT,US-VT-007,44.5000867,-73.241322,Arms Forest,2026-09-10 18:27,122,182
L1051977,US,US-VT,US-VT-001,44.1489568,-73.3674717,Arnold Bay,2026-01-16 14:21,98,253
L751855,US,US-VT,US-VT-011,44.6782514,-73.1036469,Arrowhead Mountain Lake - Milton (760 acres),2026-09-23 09:40,163,288
L53001239,US,US-VT,US-VT-011,44.6823312,-73.0875104,Arrowhead Mountain Lake--Public Access,2026-08-25 07:45,53,17
L13003515,US,US-VT,US-VT-023,44.3082919,-72.6965585,Arthur Buck River Access,2025-10-14 11:16,44,23
L1967311,US,US-VT,US-VT-027,43.5076627,-72.6344776,Arthur Davis WMA,2023-06-12 07:49,57,10
L9342729,US,US-VT,US-VT-017,43.8358801,-72.44783,Ashley Community Forest,2026-07-20 19:02,49,14
L751856,US,US-VT,US-VT-025,43.1222418,-72.6053509,Athens Pond - Athens (21 acres),2026-05-13 15:26,52,9
L1939057,US,US-VT,US-VT-025,42.7690689,-72.8881073,Atherton Meadows WMA--east unit,2025-08-13 10:22,32,2
L1939024,US,US-VT,US-VT-025,42.7777634,-72.9064751,Atherton Meadows WMA--west unit,2026-06-20 12:25,50,7
L751857,US,US-VT,US-VT-021,43.7163019,-73.1941229,Austin Pond - Hubbardton (28 acres),2025-11-26 12:51,76,82
L19675059,US,US-VT,US-VT-009,45.0000446,-71.7251054,Averill Mountain,2026-09-05 15:10,25,5
L751858,US,US-VT,US-VT-009,44.9106027,-71.8440829,Avery Gore Pond (Unknown Pond) - Avery's Gore (19 acres),2025-06-26 10:02,25,2
L1935527,US,US-VT,US-VT-011,44.8115878,-72.6212597,Averys Gore WMA,2023-07-01 13:35,24,15
L1987315,US,US-VT,US-VT-015,44.7408961,-72.5915623,Babcock Nature Preserve,2026-09-10 14:39,108,104
L751860,US,US-VT,US-VT-023,44.3274507,-72.3446637,Bailey Pond - Marshfield (17 acres),2026-05-19 10:18,46,21
L751862,US,US-VT,US-VT-019,44.7454159,-72.2353447,Baker Pond - Barton (51 acres),2024-07-12 17:08,5,1
L751863,US,US-VT,US-VT-017,44.0679498,-72.6352381,Baker Pond - Brookfield (35 acres),2024-08-16 11:30,69,28
L12620147,US,US-VT,US-VT-007,44.319053,-72.907211,Bald Hill,2024-02-25 13:22,4,2
L751864,US,US-VT,US-VT-019,44.739015,-71.9771638,Bald Hill Pond - Westmore (108 acres),2026-04-28 14:01,66,38
L1951197,US,US-VT,US-VT-005,44.7263083,-71.9640541,Bald Hill WMA (Caledonia Co.),2025-07-04 14:00,64,3
L2001665,US,US-VT,US-VT-003,42.921979,-73.144138,Bald Mountain - Woodford,2026-08-08 18:38,76,27
L47542580,US,US-VT,US-VT-023,44.22003,-72.743977,"Bald Mountain, Moretown",2026-05-02 06:40,51,4
L1930555,US,US-VT,US-VT-019,44.763662,-72.000856,Bald Mountain--Long Pond Trail,2026-07-20 09:19,67,29
L598777,US,US-VT,US-VT-019,44.7730311,-71.9779158,Bald Mountain--Mad Brook Trail,2026-07-28 11:00,57,12
L751866,US,US-VT,US-VT-025,43.1261865,-72.7813909,Ball Mountain Reservoir - Jamaica (85 acres),2026-09-01 13:46,68,31
L751867,US,US-VT,US-VT-023,44.2470714,-72.3838952,Bancroft Pond - Plainfield (14 acres),2022-10-29 14:50,58,53
L751868,US,US-VT,US-VT-003,42.7985652,-73.1929655,Barbers Lake - Pownal (19 acres),2025-10-12 10:34,85,88
L16606373,US,US-VT,US-VT-015,44.5340047,-72.7875084,Barnes Camp Boardwalk,2026-09-25 11:36,85,118
L165250,US,US-VT,US-VT-019,44.6114,-72.2903,Barr Hill Natural Area,2026-07-20 17:04,99,120
L3888219,US,US-VT,US-VT-023,44.1472015,-72.474221,Barre Town Forest,2026-09-23 10:50,106,118
L24353488,US,US-VT,US-VT-023,44.1570856,-72.4699715,Barre Town Forest--Quarries Disc Golf Course,2026-08-15 10:50,86,20
L30830052,US,US-VT,US-VT-023,44.163314,-72.4882616,Barre Town School Forest,2026-01-18 12:21,23,7
L875986,US,US-VT,US-VT-019,44.8555037,-72.2047234,Barton River Marshes,2026-09-28 09:56,154,622
L11731045,US,US-VT,US-VT-019,44.5982952,-72.3079024,Bathtub Rock Rd.,2026-08-21 16:44,63,25
L26569883,US,US-VT,US-VT-001,43.984409,-72.938149,Battell Mountain,2026-06-14 04:16,14,6
L3298283,US,US-VT,US-VT-001,44.1144,-72.9485,Battell Trail,2026-08-01 12:34,66,26
L208864,US,US-VT,US-VT-001,44.0101842,-73.1506511,Battell Woods,2026-07-29 09:57,95,64
L8066930,US,US-VT,US-VT-007,44.4813049,-73.2198858,Battery Park,2026-09-13 17:00,85,86
L17048528,US,US-VT,US-VT-007,44.5455366,-73.2155063,Bayside Park,2026-09-20 09:25,80,73
L751869,US,US-VT,US-VT-005,44.5483564,-72.0713513,Bean Pond - Lyndon (24 acres),2024-07-21 14:51,9,3
L751870,US,US-VT,US-VT-005,44.698341,-72.0857768,Bean Pond - Sutton (30 acres),2026-07-12 14:28,63,18
L7906098,US,US-VT,US-VT-003,42.7643597,-72.9827502,Beaver Brook Powerline Cut,2021-05-27 07:34,43,4
L751871,US,US-VT,US-VT-015,44.6069291,-72.52611,Beaver Lake - Hyde Park (16 acres)
L11283593,US,US-VT,US-VT-023,44.338448,-72.39698,Beaver Meadow,2025-06-27 15:24,68,17
L751872,US,US-VT,US-VT-019,45.0048127,-71.9418288,Beaver Pond - Holland (40 acres),2022-06-11 14:00,1,4
L751873,US,US-VT,US-VT-023,44.0594075,-72.7199059,Beaver Pond - Roxbury (10 acres),2020-12-10 10:39,11,3
L15962283,US,US-VT,US-VT-021,43.6682965,-72.854301,"Beaver Pond, Mendon",2026-08-05 08:43,49,36
L751874,US,US-VT,US-VT-021,43.7347266,-73.1843691,Beebe Pond - Hubbardton (111 acres),2026-08-08 09:53,105,142
L751875,US,US-VT,US-VT-009,44.8120591,-71.8505335,Beecher Pond - Brighton (15 acres)
L6954486,US,US-VT,US-VT-025,43.160903,-72.4788795,Bellows Falls Village Forest,2026-09-11 07:41,102,147
L738995,US,US-VT,US-VT-015,44.7664806,-72.6144791,Belvidere Bog and Wetlands,2026-09-16 13:35,125,210
L3954369,US,US-VT,US-VT-019,44.7734503,-72.5510108,Belvidere Mountain,2026-09-28 07:50,57,20
L19636874,US,US-VT,US-VT-003,42.9203549,-73.2359791,Bennington College,2026-09-05 15:49,93,66
L48970989,US,US-VT,US-VT-003,42.8831421,-73.2100689,Bennington Museum,2026-09-29 12:23,30,6
L3941349,US,US-VT,US-VT-021,43.7288401,-73.3670318,Benson Landing,2026-09-17 11:25,124,373
L199991,US,US-VT,US-VT-023,44.2031001,-72.5584502,Berlin (E.F. Knapp State) Airport,2026-09-28 13:02,123,615
L150998,US,US-VT,US-VT-023,44.1899195,-72.5875116,Berlin Pond IBA - Berlin (293 acres),2026-09-27 18:05,209,4171
L1415803,US,US-VT,US-VT-005,44.2883461,-72.2678089,Big Deer State Park,2026-06-20 20:31,71,36
L751877,US,US-VT,US-VT-021,43.3146442,-72.9308023,Big Mud Pond - Mount Tabor (15 acres),2025-05-13 10:30,20,3
L751878,US,US-VT,US-VT-015,44.7554422,-72.5999446,Big Muddy Pond - Eden (17 acres),2026-07-21 13:26,51,10
L751879,US,US-VT,US-VT-003,42.8910911,-73.0683968,Big Pond (Woodford Lake) - Woodford (31 acres),2026-08-15 17:54,67,20
L8717772,US,US-VT,US-VT-017,43.8293419,-72.2528955,Bill Hill,2026-09-16 11:08,92,27
L1968525,US,US-VT,US-VT-009,44.9573328,-71.9123999,Bill Sladyk WMA,2026-09-29 17:29,114,86
L2232729,US,US-VT,US-VT-009,44.9381926,-71.8892097,Bill Sladyk WMA--Hurricane Brook,2024-07-02 12:55,63,9
L6263447,US,US-VT,US-VT-007,44.5264472,-73.2564068,Billado Park,2026-09-19 10:02,85,46
L514937,US,US-VT,US-VT-027,43.6316956,-72.515645,Billings Farm,2026-09-06 13:44,101,100
L769961,US,US-VT,US-VT-027,43.6272197,-72.5268107,Billings Park (local park),2026-07-30 16:55,84,74
L20707667,US,US-VT,US-VT-015,44.5194501,-72.7674605,Bingham Falls Trail,2026-08-19 10:59,44,43
L282687,US,US-VT,US-VT-007,44.3516074,-73.0065417,Birds of Vermont Museum,2026-09-26 08:09,143,5126
L282656,US,US-VT,US-VT-021,43.5823559,-73.1221301,Birdseye WMA,2026-09-28 09:01,108,129
L3575087,US,US-VT,US-VT-001,44.0299562,-73.2183623,Bittersweet Falls,2026-06-17 08:42,96,549
L21358292,US,US-VT,US-VT-009,44.8038073,-71.7076858,Black Branch Boardwalk,2026-09-28 10:44,18,14
L32387718,US,US-VT,US-VT-023,44.2074501,-72.5916722,Black Cemetery,2026-08-23 15:05,48,14
L165252,US,US-VT,US-VT-011,44.8146289,-73.1457545,Black Creek WMA,2026-09-12 15:04,154,718
L167746,US,US-VT,US-VT-025,42.916945,-72.5913692,Black Mountain Natural Area,2026-08-04 07:26,96,89
L42091564,US,US-VT,US-VT-025,42.9253516,-72.6101232,Black Mountain Quarry,2026-06-24 13:57,28,4
L751880,US,US-VT,US-VT-021,43.7036394,-73.2244822,Black Pond - Hubbardton (20 acres),2026-06-18 14:52,78,42
L751881,US,US-VT,US-VT-027,43.5526929,-72.7541507,Black Pond - Plymouth (20 acres),2025-07-18 15:34,18,3
L684256,US,US-VT,US-VT-027,43.2604738,-72.4319043,Black River mouth / Hoyts Landing,2026-09-13 08:37,148,601
L11103389,US,US-VT,US-VT-023,44.2587866,-72.5740852,Blanchard Park,2026-07-01 08:09,131,873
L751882,US,US-VT,US-VT-023,44.3528965,-72.5011269,Bliss Pond - Calais (46 acres),2026-09-26 09:15,96,34
L2609877,US,US-VT,US-VT-025,42.760318,-72.4833888,Blodgett Farm (Restricted Access),2026-07-11 09:00,163,531
L26752523,US,US-VT,US-VT-021,43.8021431,-72.9427013,Bloodroot Gap,2024-07-07 13:00,19,1
L26498540,US,US-VT,US-VT-021,43.785566,-72.937493,Bloodroot Mountain,2023-08-10 08:16,4,1
L1937820,US,US-VT,US-VT-021,43.6303475,-73.1235409,Blueberry Hill WMA,2026-05-23 12:18,45,37
L1565072,US,US-VT,US-VT-001,43.8740663,-73.0055122,"Blueberry Hill, Goshen",2026-09-26 14:36,91,65
L751883,US,US-VT,US-VT-023,44.0775,-72.834,Blueberry Lake - Warren (48 acres),2026-07-23 10:55,154,326
L46183024,US,US-VT,US-VT-019,44.9558938,-72.2112894,Bluffside Farm,2026-09-14 16:20,51,7
L51420157,US,US-VT,US-VT-019,44.9551257,-72.204911,Bluffside Farm--Accessible Nature Trail,2026-09-14 16:20,29,4
L3804020,US,US-VT,US-VT-001,44.026327,-73.1949815,Bob Collins Conservation Farm,2026-08-19 07:05,135,282
L2120648,US,US-VT,US-VT-027,43.736232,-72.523923,Bogburn Trails,2024-03-09 11:57,44,6
L21160281,US,US-VT,US-VT-007,44.370596,-72.858225,Bolton Dome,2026-09-12 11:32,42,4
L26752326,US,US-VT,US-VT-007,44.449191,-72.839534,Bolton Mountain,2025-10-04 09:35,12,3
L1576752,US,US-VT,US-VT-007,44.4164812,-72.8635559,Bolton Valley Nordic Back-Country Area,2025-10-18 09:59,86,42
L11732741,US,US-VT,US-VT-007,44.421289,-72.85066,Bolton Valley Resort,2026-07-25 09:06,104,122
L13529085,US,US-VT,US-VT-007,44.6182413,-73.1250429,Bombardier Park West,2026-07-23 16:51,60,16
L212133,US,US-VT,US-VT-021,43.6569313,-73.228602,Bomoseen State Park,2026-09-29 11:17,216,5984
L2848186,US,US-VT,US-VT-001,43.9004242,-73.2102299,Bond Island Natural Area,2026-09-26 13:08,129,332
L218330,US,US-VT,US-VT-007,44.3992678,-72.8515149,Bone Mountain,2026-06-17 08:14,34,4
L9037730,US,US-VT,US-VT-025,42.830841,-72.625959,Bonnyvale Environmental Education Center,2026-06-23 12:00,119,166
L1959398,US,US-VT,US-VT-005,44.2774702,-72.2624016,Boulder Beach State Park,2026-08-19 10:21,63,18
L751884,US,US-VT,US-VT-003,43.1060726,-73.0022209,Bourn Pond - Sunderland (48 acres),2026-06-05 10:45,85,44
L20158047,US,US-VT,US-VT-023,44.248275,-72.844573,Boyce Hill Saylor Woods (restricted access),2026-07-09 11:52,103,332
L11554935,US,US-VT,US-VT-023,44.2520638,-72.8488222,Boyce Hill Town Forest,2026-09-06 10:14,116,407
L26569889,US,US-VT,US-VT-001,43.970395,-72.943315,Boyce Mountain,2025-08-25 10:30,3,4
L35386021,US,US-VT,US-VT-003,42.8772328,-73.1624363,Bradford Putnam Wetlands,2026-05-18 12:30,49,7
L3360276,US,US-VT,US-VT-017,43.9620556,-72.7715492,Braintree Mountain Forest,2025-04-25 11:15,24,7
L17192941,US,US-VT,US-VT-017,43.953045,-72.785137,Braintree Mountain--Peak,2021-12-25 11:32,1,1
L9526384,US,US-VT,US-VT-027,43.6458258,-72.6574524,Bramhall Wilderness Preserve,2026-04-21 12:56,45,17
L1959493,US,US-VT,US-VT-001,43.9054682,-73.0668497,Branbury State Park,2026-09-19 07:14,124,151
L751885,US,US-VT,US-VT-003,43.0817306,-73.0191631,Branch Pond - Sunderland (34 acres),2026-09-12 09:55,114,109
L26375619,US,US-VT,US-VT-003,43.069549,-73.01281,Branch Pond Peak,2023-08-03 16:32,1,1
L1530491,US,US-VT,US-VT-001,43.8418335,-72.964804,Brandon Gap,2026-09-06 12:24,97,146
L164392,US,US-VT,US-VT-021,43.822582,-73.12099,Brandon Hollow Road,2026-09-21 09:00,149,471
L1956456,US,US-VT,US-VT-021,43.8351459,-73.1512642,Brandon Swamp WMA,2025-11-13 08:40,80,15
L4339311,US,US-VT,US-VT-027,43.8296661,-72.6280949,Branliere Town Forest,2026-03-26 00:00,42,10
L1141256,US,US-VT,US-VT-025,42.8708376,-72.5623799,Brattleboro Marina / West River Trail,2026-09-29 15:50,203,1998
L2385366,US,US-VT,US-VT-025,42.8578974,-72.5664568,Brattleboro Retreat Trails,2026-09-23 10:01,150,186
L26532812,US,US-VT,US-VT-001,44.002134,-72.941367,Breadloaf Mountain,2025-10-06 11:01,43,4
L22030755,US,US-VT,US-VT-007,44.4609652,-73.0950578,Brennan Community Park,2023-01-02 14:53,4,1
L3902252,US,US-VT,US-VT-021,43.7141389,-73.216356,"Bresee Pond, Hubbardton",2026-09-29 11:05,112,275
L7791159,US,US-VT,US-VT-015,44.632945,-72.817079,Brewster Uplands Trails--Pond Loop Trail,2026-09-27 12:08,107,189
L165255,US,US-VT,US-VT-009,44.7933,-71.855,Brighton State Park,2026-09-27 09:02,137,486
L2214868,US,US-VT,US-VT-001,44.093422,-73.0229259,Bristol Cliffs Wilderness,2026-06-25 13:00,63,30
L752245,US,US-VT,US-VT-001,44.1716078,-73.0878913,Bristol Pond (248 acres) (Winona Lake) - Bristol,2026-09-24 15:40,174,1195
L1448025,US,US-VT,US-VT-001,44.1819151,-73.099978,Bristol Pond Fishing Access,2026-09-21 14:32,157,764
L28062853,US,US-VT,US-VT-027,43.7866096,-72.4838851,Broad Brook Access,2026-05-09 00:00,59,14
L13349821,US,US-VT,US-VT-003,43.227726,-72.9394967,Bromley Mountain Summit,2026-06-28 12:32,56,7
L2019612,US,US-VT,US-VT-003,43.2138714,-72.9417515,Bromley Mountain ski area,2026-06-28 12:32,82,38
L15958533,US,US-VT,US-VT-025,43.086536,-72.576932,Brookline Road Marsh,2024-05-04 08:05,22,2
L11239059,US,US-VT,US-VT-027,43.7474,-72.3288,Brookmead Conservation Area,2026-07-15 11:11,106,112
L6287270,US,US-VT,US-VT-009,44.9675428,-71.7394009,Brousseau Mountain,2026-09-05 13:40,40,14
L751886,US,US-VT,US-VT-019,44.7307163,-71.9824122,Brown Pond - Westmore (15 acres)
L751887,US,US-VT,US-VT-019,44.8791384,-72.1482445,Brownington Pond - Brownington (139 acres),2024-08-12 15:04,41,32
L3046841,US,US-VT,US-VT-011,44.9031099,-72.7989078,Brownway River Trail,2026-08-24 11:40,71,30
L751888,US,US-VT,US-VT-005,44.6390157,-72.1871515,Bruce Pond - Sheffield (27 acres),2026-01-01 14:30,4,1
L13358107,US,US-VT,US-VT-007,44.4274055,-72.8766274,Buchanan Shelter,2020-07-22 00:00,1,0
L751889,US,US-VT,US-VT-023,44.4623983,-72.3982138,Buck Lake WMA - Woodbury (39 acres),2026-09-08 09:27,52,39
L1275318,US,US-VT,US-VT-001,44.1251797,-73.2331467,Buck Mountain,2026-05-09 14:44,86,56
L165382,US,US-VT,US-VT-021,43.5754609,-73.4089707,Buckner Mem. Preserve/Bald Mtn. - Poultney River/East Bay IBA,2026-09-27 14:12,187,1156
L1937890,US,US-VT,US-VT-021,43.4983554,-73.2212162,Buczek Marsh WMA,2026-04-23 16:14,58,15
L1944862,US,US-VT,US-VT-003,43.208896,-73.017158,Bullhead Pond,2026-09-05 11:50,101,104
L751890,US,US-VT,US-VT-011,44.967861,-72.967012,Bullis Pond - Franklin (11 acres),2025-11-09 10:07,27,15
L751891,US,US-VT,US-VT-025,43.1534138,-72.7323969,Burbee Pond - Windham (50 acres),2026-07-13 18:22,65,20
L165256,US,US-VT,US-VT-007,44.4879757,-73.2304312,Burlington Bike Path - Coast Guard Station to North Beach,2026-09-04 14:00,142,200
L18700817,US,US-VT,US-VT-007,44.4663761,-73.1953812,Burlington Country Club,2026-04-08 08:27,67,20
L7783786,US,US-VT,US-VT-007,44.4706511,-73.1540283,Burlington International Airport,2026-09-14 05:45,37,35
L246386,US,US-VT,US-VT-007,44.4964925,-73.2062496,Burlington Intervale,2026-09-15 07:54,173,1049
L165258,US,US-VT,US-VT-007,44.4779574,-73.2233097,Burlington Waterfront Park and Breakwater,2026-09-24 17:57,145,835
L165260,US,US-VT,US-VT-007,44.4732,-73.2214,Burlington Waterfront--Perkins Pier,2026-09-29 10:20,127,564
L3408084,US,US-VT,US-VT-007,44.4718122,-73.2204008,Burlington Waterfront--Wastewater Treatment Plant,2026-09-11 15:56,98,207
L26752495,US,US-VT,US-VT-001,43.956532,-72.948114,Burnt Hill,2026-06-02 10:57,16,4
L16868779,US,US-VT,US-VT-005,44.2028321,-72.3406631,Burnt Mountain,2021-11-11 07:56,1,1
L26752365,US,US-VT,US-VT-023,44.267578,-72.895903,Burnt Rock Mountain,2024-07-27 05:04,35,4
L751892,US,US-VT,US-VT-021,43.6939505,-72.966128,Burr Pond - Pittsford (20 acres),2026-07-19 16:46,52,17
L751893,US,US-VT,US-VT-021,43.7654802,-73.1834018,Burr Pond - Sudbury (85 acres),2026-05-11 15:34,82,107
L1968089,US,US-VT,US-VT-007,44.315565,-72.90538,Burrows Trail,2026-09-23 09:38,79,126
L589162,US,US-VT,US-VT-011,44.7730616,-73.2063675,Burton Island State Park,2026-09-06 14:22,128,89
L3298298,US,US-VT,US-VT-007,44.51,-72.8322,Butler Lodge Trail,2026-08-29 10:49,50,17
L9149835,US,US-VT,US-VT-023,44.343909,-72.7633826,Butler Pond,2026-08-30 14:19,25,9
L23750691,US,US-VT,US-VT-017,44.183627,-72.339267,Butterfield Mountain,2024-06-11 08:36,27,5
L9706483,US,US-VT,US-VT-023,44.3149884,-72.4383299,Butterfield Ridges Trail,2025-04-19 06:15,53,12
L11882075,US,US-VT,US-VT-027,43.4346372,-72.7256059,Buttermilk Falls,2026-09-04 11:09,35,13
L9780763,US,US-VT,US-VT-013,44.7719888,-73.318473,Butternut Hill Natural Area,2026-09-06 13:46,101,72
L165261,US,US-VT,US-VT-001,44.1824502,-73.3613777,Button Bay State Park,2026-09-25 10:46,229,1097
L39170900,US,US-VT,US-VT-001,44.1777019,-73.3510459,Button Bay State Park--Boat Launch,2026-08-25 12:33,111,121
L10008913,US,US-VT,US-VT-023,44.3719686,-72.6400191,CC Putnam State Forest--Middlesex Trailhead,2026-09-12 06:18,72,52
L3903798,US,US-VT,US-VT-027,43.816639,-72.393329,CCC Pond,2025-07-14 10:45,52,19
L3298309,US,US-VT,US-VT-007,44.5303,-72.8291,CCC Road,2026-09-07 07:32,30,12
L9578340,US,US-VT,US-VT-023,44.376054,-72.298485,Cabot Hills Maple Farm (Restricted Access),2025-02-21 10:00,91,96
L33217021,US,US-VT,US-VT-023,44.4067473,-72.2767064,Cabot Winter Trails
L11998535,US,US-VT,US-VT-015,44.4731749,-72.6949883,Cady Hill Forest,2026-09-22 15:45,71,36
L16711974,US,US-VT,US-VT-007,44.4621206,-73.2124812,Calahan Park,2026-09-30 07:21,103,324
L1951317,US,US-VT,US-VT-005,44.6489942,-72.0658493,Calendar Brook WMA
L19996320,US,US-VT,US-VT-027,43.5357076,-72.7213768,Calvin Coolidge Historic Site,2026-08-17 13:32,81,60
L23253023,US,US-VT,US-VT-015,44.6506963,-72.8140569,Cambridge Junction Rail Trail Park,2026-09-27 09:19,124,125
L1527324,US,US-VT,US-VT-007,44.2056532,-72.9600595,Camel's Hump State Forest--The Morrison Place/Stevens Block,2026-09-26 08:00,130,572
L1968086,US,US-VT,US-VT-023,44.311543,-72.863327,Camels Hump State Park--Monroe Trail,2026-07-17 08:44,79,73
L165262,US,US-VT,US-VT-023,44.3194,-72.8867,Camels Hump State Park--Summit,2026-08-29 08:23,95,85
L28760816,US,US-VT,US-VT-023,44.293942,-72.683461,Camp Meade,2026-05-30 13:46,41,18
L1959526,US,US-VT,US-VT-027,43.476529,-72.6955032,Camp Plymouth State Park,2026-08-21 10:58,104,101
L1805876,US,US-VT,US-VT-011,44.991912,-73.1700738,Campbell Bay / Mouth of Charcoal Creek,2026-09-23 13:53,188,1576
L3553748,US,US-VT,US-VT-027,43.7681138,-72.2433633,Campbell Flats Road,2026-09-30 08:53,176,2716
L1935576,US,US-VT,US-VT-011,44.9716447,-73.2047153,Carmans Marsh WMA / Sandy Point,2026-09-04 16:26,80,52
L348905,US,US-VT,US-VT-013,44.8376154,-73.2836905,Carry Bay,2026-02-05 14:01,74,44
L5912437,US,US-VT,US-VT-007,44.3088637,-73.1266308,Carse Wetlands (UVM Natural Area),2026-07-08 09:00,166,528
L45421985,US,US-VT,US-VT-007,44.4819532,-73.1202135,Cascade Park,2026-08-30 11:05,9,2
L13018120,US,US-VT,US-VT-007,44.5145254,-72.8840873,Casey's Hill,2026-07-25 11:15,36,8
L751894,US,US-VT,US-VT-019,44.586347,-72.3118645,Caspian Lake - Greensboro (789 acres),2026-09-29 08:28,129,244
L426558,US,US-VT,US-VT-007,44.4482727,-73.0491257,Catamount Community Forest,2026-09-29 15:30,171,1886
L43603934,US,US-VT,US-VT-007,44.4585053,-73.0859372,Catamount Country Club,2026-07-13 11:18,45,4
L1908766,US,US-VT,US-VT-007,44.4164327,-73.1867123,Catkin Drive Wetlands,2026-02-07 15:26,56,14
L751895,US,US-VT,US-VT-001,44.2504403,-73.1327771,Cedar Lake (Monkton Pond) - Monkton (123 acres),2026-03-31 08:59,94,72
L165264,US,US-VT,US-VT-007,44.4794,-73.1841,Centennial Woods (UVM Natural Area),2026-09-29 14:43,161,2501
L751896,US,US-VT,US-VT-005,44.7129762,-71.9201451,Center Pond - Newark (79 acres),2026-07-14 17:35,42,8
L354419,US,US-VT,US-VT-025,42.830414,-72.5498253,Cersosimo Setback,2026-09-27 17:35,133,467
L165265,US,US-VT,US-VT-001,44.0345,-73.4218,Champlain Bridge / Chimney Point,2026-09-29 09:25,196,3353
L53410302,US,US-VT,US-VT-007,44.3446554,-73.1099528,Champlain Valley Union High School,2026-08-06 17:16,31,1
L1022291,US,US-VT,US-VT-001,43.9995592,-73.400833,Champlainside Drive,2026-09-06 19:05,119,303
L751897,US,US-VT,US-VT-005,44.5344819,-72.0952598,Chandler Pond - Wheelock (68 acres),2026-07-18 06:19,71,27
L1943122,US,US-VT,US-VT-027,43.8119241,-72.3924351,Charles Downer State Forest--north unit,2026-04-17 06:10,69,12
L1943144,US,US-VT,US-VT-027,43.7855332,-72.3820496,Charles Downer State Forest--south unit,2026-05-08 12:43,38,7
L751898,US,US-VT,US-VT-019,44.891618,-72.053449,Charleston Pond - Charleston (40 acres),2024-11-06 01:21,11,2
L165266,US,US-VT,US-VT-007,44.2999029,-73.2986445,Charlotte Ferry Landing - McNeil Cove,2026-09-25 09:44,146,1735
L210535,US,US-VT,US-VT-007,44.3319531,-73.2515403,Charlotte Park and Wildlife Refuge,2026-09-19 16:56,180,1447
L164833,US,US-VT,US-VT-007,44.33427,-73.28136,Charlotte Town Beach,2026-09-27 08:42,233,4754
L49811997,US,US-VT,US-VT-023,44.1792667,-72.8828663,Chase Brook Town Forest,2026-07-17 09:00,34,3
L9572898,US,US-VT,US-VT-015,44.4736076,-72.72092,Chase Park,2026-09-02 12:49,81,68
L11835843,US,US-VT,US-VT-001,43.9464637,-72.9861558,Chatfield Trailhead,2026-09-11 08:52,77,48
L11536494,US,US-VT,US-VT-027,43.284472,-72.634501,Chester Town Forest,2026-09-06 13:00,95,58
L304801,US,US-VT,US-VT-023,44.325001,-72.48196,Chickering Bog Natural Area,2026-08-19 11:06,110,189
L751899,US,US-VT,US-VT-017,43.8192151,-72.1906612,Childs Pond - Thetford (10 acres),2026-03-29 18:03,68,70
L4513374,US,US-VT,US-VT-023,44.3782646,-72.771163,Chimney Trail / Waterbury Dam,2026-09-14 09:17,123,187
L208283,US,US-VT,US-VT-001,44.0255067,-73.1614737,Chipman Hill,2026-09-18 08:19,121,277
L751900,US,US-VT,US-VT-021,43.4081819,-73.0307547,Chipman Lake (Tinmouth Pond) - Tinmouth (79 acres),2026-09-05 18:45,63,30
L1410532,US,US-VT,US-VT-001,43.8003902,-73.3727818,Chipman Point,2026-03-26 09:00,88,34
L7587696,US,US-VT,US-VT-021,43.8241365,-72.9095701,Chittenden Brook Campground,2026-08-19 09:00,64,58
L751901,US,US-VT,US-VT-021,43.7305614,-72.911481,Chittenden Reservoir - Chittenden (702 acres),2026-09-21 10:56,137,325
L751902,US,US-VT,US-VT-001,43.7790102,-73.268744,Choate Pond - Orwell (11 acres),2026-08-24 18:00,25,4
L5680042,US,US-VT,US-VT-013,44.8177679,-73.2866406,City Bay / Hero's Welcome,2026-09-02 08:14,114,276
L44898055,US,US-VT,US-VT-007,44.4609242,-73.1767988,City Center Park,2026-09-10 18:10,42,10
L39624950,US,US-VT,US-VT-007,44.4765092,-73.2135275,City Hall Park,2026-09-29 14:00,28,13
L1934650,US,US-VT,US-VT-017,43.8410892,-72.4050093,Clover Hill WMA,2024-08-25 10:48,48,5
L751903,US,US-VT,US-VT-019,44.9362726,-72.1707777,Clyde Pond - Derby (186 acres),2026-04-29 18:20,68,33
L2362933,US,US-VT,US-VT-027,43.6984257,-72.3146135,Co-op Community Garden and Fields,2026-09-29 16:52,117,389
L751904,US,US-VT,US-VT-019,44.9136313,-72.1357874,Cobb Pond - Derby (27 acres),2025-08-02 19:28,13,1
L3742481,US,US-VT,US-VT-017,43.9193805,-72.3682308,Cobb Town Forest,2026-09-06 14:35,63,81
L751905,US,US-VT,US-VT-021,43.6204628,-73.3750236,Coggman Pond - West Haven (20 acres),2026-06-06 09:23,70,16
L123082,US,US-VT,US-VT-021,43.625403,-73.3733477,Cogman Road / Ghost Hollow Road,2026-08-12 10:19,158,611
L20616633,US,US-VT,US-VT-011,44.8647657,-73.1808949,Cohen Park,2026-09-16 18:34,65,41
L751906,US,US-VT,US-VT-023,44.4479859,-72.3286706,Coits Pond - Cabot (40 acres),2026-07-20 20:37,69,16
L751907,US,US-VT,US-VT-027,43.4712002,-72.6658993,Colby Pond - Plymouth (20 acres),2026-07-17 10:37,88,116
L251876,US,US-VT,US-VT-007,44.5477403,-73.288146,Colchester Bog (UVM Natural Area),2026-09-13 11:20,149,302
L751908,US,US-VT,US-VT-007,44.5546324,-73.1198448,Colchester Pond - Colchester (186 acres),2026-09-29 10:28,214,4669
L207196,US,US-VT,US-VT-007,44.5653095,-73.3112559,Colchester Railroad Causeway,2026-09-30 09:19,231,2469
L751909,US,US-VT,US-VT-025,43.1480831,-72.8059586,Cole Pond - Jamaica (41 acres),2023-05-31 14:00,9,7
L751910,US,US-VT,US-VT-005,44.5046086,-72.215968,Coles Pond - Walden (125 acres),2026-08-18 14:57,52,14
L751911,US,US-VT,US-VT-015,44.6213902,-72.5037957,Collins Pond - Hyde Park (16 acres),2026-07-25 13:15,64,44
L751912,US,US-VT,US-VT-021,43.6975871,-72.8194519,Colton Pond - Killington (27 acres),2026-09-02 09:33,87,110
L2839669,US,US-VT,US-VT-001,44.2152796,-73.0643163,Common Ground Center,2026-08-13 08:26,102,49
L16053645,US,US-VT,US-VT-009,44.4777,-71.8229,Concord Woods (UVM Natural Area),2026-06-24 00:00,30,1
L17342022,US,US-VT,US-VT-023,44.259448,-72.578451,Confluence River Park,2026-09-13 08:33,58,84
L1334154,US,US-VT,US-VT-005,44.2938636,-72.0471802,Connecticut River Floodplain - Barnet,2026-09-27 09:50,153,289
L26354615,US,US-VT,US-VT-003,42.814762,-73.12161,Consultation Peak,2026-07-20 17:09,25,3
L165268,US,US-VT,US-VT-007,44.2907864,-73.2897287,Converse Bay,2026-09-19 15:14,142,639
L751913,US,US-VT,US-VT-021,43.511368,-72.8543885,Cooks Pond - Shrewsbury (12 acres),2025-04-25 09:43,22,2
L751914,US,US-VT,US-VT-027,43.3764464,-72.4509942,Cooks Pond - Weathersfield (10 acres),2026-09-18 18:02,82,33
L3298193,US,US-VT,US-VT-001,44.0365,-72.9245,Cooley Glen Trail,2023-06-28 05:26,37,9
L1586798,US,US-VT,US-VT-027,43.5504703,-72.6971143,Coolidge State Park,2026-07-25 06:29,92,80
L199557,US,US-VT,US-VT-001,43.9390068,-73.1868839,Cornwall Swamp WMA--North,2024-05-01 16:34,96,20
L25111750,US,US-VT,US-VT-001,43.91663,-73.19759,Cornwall Swamp WMA--Scove Hill access,2026-09-30 08:03,134,302
L342137,US,US-VT,US-VT-001,43.9138656,-73.1877568,"Cornwall Swamp WMA--South, Swamp Road",2026-07-07 10:11,167,279
L2288215,US,US-VT,US-VT-001,44.2434774,-73.0604553,Cota Field / Creekside Trail,2026-08-19 20:00,134,264
L751915,US,US-VT,US-VT-009,44.5611337,-71.7023435,Cow Mountain Pond - Granby (10 acres),2026-05-10 10:45,47,7
L1189445,US,US-VT,US-VT-023,44.2107569,-72.4962902,Cow Pasture,2026-09-18 15:56,90,78
L24747692,US,US-VT,US-VT-019,44.6914509,-72.3823324,Craftsbury Academy Woodlot,2026-07-06 12:31,64,25
L33447543,US,US-VT,US-VT-019,44.653587,-72.382831,Craftsbury Common,2026-08-28 14:45,95,153
L56625932,US,US-VT,US-VT-019,44.6802267,-72.3629472,Craftsbury Outdoor Center,2026-08-20 10:29,70,34
L33450126,US,US-VT,US-VT-019,44.629171,-72.38198,Craftsbury Village Cemetery,2026-06-04 11:34,26,10
L1176852,US,US-VT,US-VT-001,43.8512527,-73.1217867,Cram Rd. Powerline,2026-06-28 10:58,130,385
L751916,US,US-VT,US-VT-023,44.4208146,-72.4576861,Cranberry Meadow Pond - Woodbury (28 acres),2026-07-14 06:10,55,11
L13018015,US,US-VT,US-VT-007,44.5304053,-72.884715,Crane Brook Conservation District,2026-09-12 08:51,81,36
L43638659,US,US-VT,US-VT-017,43.80662,-72.28093,Cream Street Conservation Area,2026-09-06 13:10,88,21
L2779659,US,US-VT,US-VT-001,43.9182368,-73.1689775,Creek Rd. floodplain,2026-08-08 14:02,202,1093
L751917,US,US-VT,US-VT-027,43.80205,-72.4084958,Crescent Lake - Sharon (20 acres),2026-07-18 06:26,90,96
L27059701,US,US-VT,US-VT-007,44.4574005,-73.2057479,Crescent Woods,2026-05-15 12:36,38,7
L4893111,US,US-VT,US-VT-015,44.6072929,-72.6325411,Cricket Hill Trails,2025-04-15 13:21,65,27
L11796425,US,US-VT,US-VT-023,44.2510497,-72.5553503,Cross Vermont Trail--Old Country Club Road,2026-09-25 07:04,103,173
L4027624,US,US-VT,US-VT-023,44.3364651,-72.7619576,Cross Vermont Trail--Waterbury Section,2026-09-27 11:29,117,233
L9526499,US,US-VT,US-VT-005,44.2679996,-72.2738608,Cross Vermont Trail--West Shore Dr. to Boulder Beach Rd.,2026-08-02 11:00,31,1
L9526572,US,US-VT,US-VT-005,44.2549563,-72.2649391,Cross Vermont Trail--West Shore Dr. to Lakeside Dr.,2026-07-04 09:36,48,4
L9745196,US,US-VT,US-VT-017,43.8919849,-72.2519381,Crossroad Farm / Taylor Floodplain,2026-06-13 14:48,132,109
L19273792,US,US-VT,US-VT-025,42.9384955,-72.881539,Crosstown Trail,2026-05-10 10:52,61,25
L5764656,US,US-VT,US-VT-021,43.6601104,-73.1912184,Crystal Beach,2026-09-29 08:26,112,436
L751918,US,US-VT,US-VT-019,44.7326678,-72.1539447,Crystal Lake - Barton (763 acres),2026-08-21 12:20,82,198
L1959595,US,US-VT,US-VT-019,44.7465504,-72.1731806,Crystal Lake State Park,2026-02-05 16:00,72,45
L23753969,US,US-VT,US-VT-023,44.196998,-72.497643,Currier Park,2025-05-26 11:17,16,3
L751919,US,US-VT,US-VT-023,44.3838157,-72.4958935,Curtis Pond - Calais (72 acres),2026-09-19 09:30,115,100
L7755832,US,US-VT,US-VT-003,43.2647654,-73.1002988,Cutler Memorial Forest,2025-09-20 17:00,31,7
L751920,US,US-VT,US-VT-011,44.986565,-73.0374923,Cutler Pond - Highgate (25 acres)
L751921,US,US-VT,US-VT-017,44.0916181,-72.5489186,Cutter Pond - Williamstown (16 acres),2024-06-28 15:47,45,4
L3163694,US,US-VT,US-VT-021,43.598663,-73.1857145,D & H Rail Trail--Castleton to South St.,2026-09-30 09:21,121,310
L3163703,US,US-VT,US-VT-021,43.530246,-73.2336617,D & H Rail Trail--Farnham Rd. to Poultney,2026-09-18 07:37,129,317
L4962192,US,US-VT,US-VT-003,43.2457342,-73.2407856,D & H Rail Trail--Hebron Rd parking to NY border,2026-09-01 13:46,97,28
L4962230,US,US-VT,US-VT-003,43.2722998,-73.2390046,D & H Rail Trail--Hebron Rd. parking to Quarry Rd.,2026-09-26 07:38,117,48
L3163705,US,US-VT,US-VT-021,43.5112011,-73.2373953,D & H Rail Trail--Poultney to NY border,2026-09-23 08:33,129,319
L3163798,US,US-VT,US-VT-021,43.3136438,-73.2377064,D & H Rail Trail--Sawmill Rd. to Quarry Rd.,2026-07-08 08:45,99,24
L3163701,US,US-VT,US-VT-021,43.5724759,-73.2105303,D & H Rail Trail--South St. to Farnham Rd.,2026-08-21 13:48,119,107
L3163795,US,US-VT,US-VT-021,43.3445049,-73.2497013,D & H Rail Trail--West Pawlet to Sawmill Rd.,2026-06-11 08:54,138,243
L165269,US,US-VT,US-VT-001,44.0545617,-73.4163478,DAR State Park,2026-09-29 10:45,153,788
L751922,US,US-VT,US-VT-021,43.3642958,-73.052178,Danby Pond - Danby (56 acres),2026-09-30 07:15,189,751
L751923,US,US-VT,US-VT-019,44.6763909,-72.2621799,Daniels Pond - Glover (66 acres),2026-07-18 15:20,70,16
L11682756,US,US-VT,US-VT-005,44.410962,-72.14002,Danville Town Green,2026-06-23 20:08,26,12
L20825160,US,US-VT,US-VT-005,44.5708015,-71.8949238,Darling State Park / Burke Mt. Summit,2026-08-23 13:04,57,23
L3948428,US,US-VT,US-VT-023,44.3576793,-72.8169322,DeForge Hydroelectric Station Recreation Area,2026-08-14 13:40,100,111
L3104494,US,US-VT,US-VT-011,44.9802475,-73.1193457,Dead Creek Outlet,2026-09-07 09:27,163,402
L109526,US,US-VT,US-VT-001,44.097019,-73.3420451,Dead Creek WMA IBA,2026-09-29 13:57,267,14546
L601176,US,US-VT,US-VT-001,44.08598,-73.34457,Dead Creek WMA IBA--Bird Observatory & banding station,2026-09-27 13:03,193,447
L201059,US,US-VT,US-VT-001,44.07455,-73.351,Dead Creek WMA IBA--Brilyea Access,2026-09-26 14:07,239,3685
L267658,US,US-VT,US-VT-001,44.11071,-73.33908,Dead Creek WMA IBA--Farrell Access,2026-09-27 10:42,198,1056
L715236,US,US-VT,US-VT-001,44.0737892,-73.3289552,Dead Creek WMA IBA--Gage Road,2026-09-19 12:46,162,3229
L788246,US,US-VT,US-VT-001,44.0852885,-73.336798,Dead Creek WMA IBA--Goose Viewing Area,2026-09-29 13:57,185,2163
L342143,US,US-VT,US-VT-001,44.1275513,-73.3292255,Dead Creek WMA IBA--Stone Bridge Dam,2026-09-27 11:52,182,962
L934683,US,US-VT,US-VT-001,44.0435504,-73.3291054,Dead Creek WMA IBA--Town House Rd. Wetland,2026-08-09 09:24,118,57
L6322250,US,US-VT,US-VT-001,44.0878085,-73.3216542,Dead Creek WMA IBA--Visitor Center,2026-09-29 12:59,125,275
L2298653,US,US-VT,US-VT-001,44.0883469,-73.3296665,Dead Creek WMA IBA--Woodcock Pond Viewing Area,2026-09-26 11:00,72,49
L1762080,US,US-VT,US-VT-001,44.1840684,-73.3101759,Dead Creek confluence with Otter Creek,2026-09-17 08:47,166,629
L342140,US,US-VT,US-VT-001,44.149982,-73.321562,Dead Creek--Panton Road crossing,2026-09-29 07:29,165,864
L218331,US,US-VT,US-VT-001,44.1372542,-73.0613136,Deer Leap,2025-09-12 12:47,29,8
L751924,US,US-VT,US-VT-025,42.7900992,-72.7135664,Deer Park Pond - Halifax (22 acres),2026-04-25 14:27,22,3
L165376,US,US-VT,US-VT-007,44.5333652,-73.2777677,Delta Park IBA,2026-09-30 09:25,253,7788
L751925,US,US-VT,US-VT-009,44.7289933,-71.6576042,Dennis Pond - Brunswick (185 acres),2026-04-24 06:25,26,3
L1939109,US,US-VT,US-VT-027,43.5428246,-72.5009251,Densmore Hill WMA,2019-09-09 07:56,20,2
L1527542,US,US-VT,US-VT-021,43.7098737,-73.0425024,Depot Hill Road Wetlands,2026-05-02 10:14,116,179
L19353578,US,US-VT,US-VT-019,44.9953667,-72.1030998,Derby Line Welcome Center,2025-02-17 08:33,20,4
L247930,US,US-VT,US-VT-007,44.5341724,-73.2674849,Derway Island Nature Preserve,2026-09-23 15:30,148,393
L27409795,US,US-VT,US-VT-005,44.312476,-72.224226,Devil's Hill,2026-09-14 15:15,48,11
L27336916,US,US-VT,US-VT-007,44.494188,-72.821616,Dewey Mountain,2024-03-24 07:24,8,2
L48612030,US,US-VT,US-VT-027,43.6434944,-72.4060955,Dewey's Landing Trail,2026-09-26 08:34,117,100
L751927,US,US-VT,US-VT-027,43.6428982,-72.4036152,Deweys Mill Pond - Hartford (56 acres),2026-09-15 08:29,191,1350
L213109,US,US-VT,US-VT-021,43.5803746,-72.9652426,"Diamond Run Mall Nature Trail (Historical, not maintained)",2025-07-18 19:36,99,155
L2914614,US,US-VT,US-VT-013,44.9162248,-73.2762015,Dillenbeck Bay Fishing Access,2026-09-26 14:20,90,71
L17526101,US,US-VT,US-VT-005,44.435227,-71.981573,Dog Mountain,2026-08-10 10:19,57,25
L4250472,US,US-VT,US-VT-023,44.252955,-72.600481,Dog River Field,2026-06-01 06:32,84,66
L55502436,US,US-VT,US-VT-023,44.1996309,-72.6337672,Dog River Natural Area,2026-07-06 09:30,23,8
L247933,US,US-VT,US-VT-007,44.4989599,-73.2319381,Donahue Sea Caves,2026-05-22 05:37,108,105
L11836897,US,US-VT,US-VT-003,43.28503,-73.047702,Dorset Peak,2026-04-25 00:00,63,8
L751928,US,US-VT,US-VT-001,43.7586417,-73.2829348,Doughty Pond - Orwell (17 acres),2023-12-25 14:30,1,1
L751929,US,US-VT,US-VT-001,44.0144161,-73.0978875,Dow Pond - Middlebury (11 acres),2026-04-03 17:04,24,10
L751930,US,US-VT,US-VT-005,44.3934528,-71.9352741,Duck Pond - Waterford (16 acres),2026-04-21 16:13,41,15
L2098618,US,US-VT,US-VT-015,44.573004,-72.620422,Duhamel Road,2026-09-28 12:54,136,560
L11234536,US,US-VT,US-VT-025,42.9575532,-72.527318,Dummerston Landing,2026-09-07 07:45,137,202
L15206787,US,US-VT,US-VT-003,42.816468,-72.998597,Dutch Hill,2025-07-14 08:55,37,7
L14606500,US,US-VT,US-VT-025,42.9220572,-72.5369013,Dutton Pines State Park,2026-05-01 08:46,43,18
L751931,US,US-VT,US-VT-009,44.6400538,-71.6078236,Dutton Pond - Maidstone (12 acres)
L27453856,US,US-VT,US-VT-007,44.369269,-72.879374,Duxbury Window Trail,2026-06-13 13:34,50,18
L7405810,US,US-VT,US-VT-007,44.6687139,-73.2058525,Eagle Mountain Natural Area,2026-09-19 15:14,101,76
L1924674,US,US-VT,US-VT-019,45.0006167,-72.1964407,Eagle Point WMA,2026-09-26 15:22,164,650
L24885879,US,US-VT,US-VT-001,43.8016498,-73.3181519,East Creek & East Creek WMA--Mt. Independence Road Access,2026-05-20 07:01,92,42
L1814573,US,US-VT,US-VT-001,43.8190774,-73.3581376,East Creek & East Creek WMA--north unit,2026-08-29 08:06,103,26
L165272,US,US-VT,US-VT-001,43.7829965,-73.3154315,East Creek WMA--south unit,2026-06-16 06:21,145,354
L6541499,US,US-VT,US-VT-027,43.6274905,-72.509134,East End Park,2026-09-18 08:41,78,102
L3298291,US,US-VT,US-VT-015,44.5299722,-72.80056,East Face and Toll road,2026-08-25 10:00,96,138
L1934664,US,US-VT,US-VT-015,44.5563807,-72.4219179,East Hill WMA,2026-04-17 13:01,30,8
L751932,US,US-VT,US-VT-023,44.4467334,-72.3547281,East Long Pond - Woodbury (188 acres),2026-06-02 16:20,41,50
L10481959,US,US-VT,US-VT-023,44.329347,-72.513198,East Montpelier Town Forest,2026-09-25 08:20,102,44
L1495024,US,US-VT,US-VT-007,44.4471521,-73.1995938,East Woods (UVM Natural Area),2026-08-03 16:05,97,109
L751933,US,US-VT,US-VT-021,43.7474971,-73.181478,Echo Lake (Keeler Pond) - Hubbardton (54 acres),2022-04-24 09:00,31,10
L751934,US,US-VT,US-VT-019,44.8612361,-71.9937885,Echo Lake - Charleston (550 acres),2026-09-06 09:14,75,43
L751935,US,US-VT,US-VT-027,43.4712969,-72.7009106,Echo Lake - Plymouth (104 acres),2026-09-07 16:56,110,93
L384290,US,US-VT,US-VT-013,44.6890371,-73.3458316,Ed Weed Fish Hatchery,2026-07-13 08:46,115,396
L207067,US,US-VT,US-VT-027,43.3417206,-72.5055143,Eleanor Ellis/Springweather Nature Area-N. Springfield Lake,2026-07-11 08:35,173,392
L751936,US,US-VT,US-VT-021,43.4685017,-72.9871988,Elfin Lake - Wallingford (16 acres) / Stone Meadow Park,2026-08-18 17:10,111,121
L9531583,US,US-VT,US-VT-017,43.931783,-72.6668198,Ellis Town Forest,2026-06-05 00:00,62,13
L1935588,US,US-VT,US-VT-011,44.7677299,-72.8869057,Elm Brook WMA,2024-06-26 13:15,31,2
L1959548,US,US-VT,US-VT-015,44.543444,-72.5295925,Elmore State Park,2026-09-29 11:47,172,1311
L4722463,US,US-VT,US-VT-017,43.8784238,-72.2131348,Ely Mountain Conservation Area,2026-09-13 14:50,45,8
L751937,US,US-VT,US-VT-003,43.2747111,-73.0068859,Emerald Lake - Dorset (28 acres),2026-08-23 06:37,118,106
L1959643,US,US-VT,US-VT-003,43.2816106,-73.0042577,Emerald Lake State Park,2026-09-24 09:30,152,560
L3298176,US,US-VT,US-VT-001,44.0204,-72.9376,Emily Proctor Trail,2026-06-19 07:49,52,31
L24144551,US,US-VT,US-VT-023,44.1648131,-72.8698683,Enchanted Forest Trail,2026-06-26 10:30,38,8
L12271867,US,US-VT,US-VT-023,44.292273,-72.676058,Enchanted Isle,2026-03-21 13:46,78,62
L1358175,US,US-VT,US-VT-011,44.888776,-72.692585,Enosburg Town Forest,2026-06-11 18:39,107,396
L165331,US,US-VT,US-VT-003,43.1658,-73.1175,Equinox Mtn.,2026-08-15 12:40,109,157
L751938,US,US-VT,US-VT-003,43.1558772,-73.0892863,Equinox Pond - Manchester (15 acres),2026-09-28 14:39,117,286
L905407,US,US-VT,US-VT-003,43.1643714,-73.0964399,Equinox Preservation Trust,2026-09-28 14:39,128,435
L168247,US,US-VT,US-VT-027,43.59669,-72.4876,Eshqua Bog,2026-09-17 12:24,105,307
L6210832,US,US-VT,US-VT-007,44.5039128,-73.1110096,Essex Tree Farm Soccer Fields and XC Course,2026-09-13 17:00,75,51
L12298452,US,US-VT,US-VT-023,44.284221,-72.86405,Ethan Allen East Peak,2024-07-04 16:49,14,3
L246427,US,US-VT,US-VT-007,44.5072762,-73.2311241,Ethan Allen Homestead,2026-09-21 11:58,169,1433
L201419,US,US-VT,US-VT-007,44.5118495,-73.2395622,Ethan Allen Park,2026-09-27 16:47,101,161
L20455139,US,US-VT,US-VT-005,44.36333,-72.177408,Ewell Mill Pond,2026-08-21 15:25,10,2
L751939,US,US-VT,US-VT-005,44.3607202,-72.1631005,Ewell Pond - Peacham (51 acres),2026-08-21 15:18,54,30
L20393905,US,US-VT,US-VT-005,44.359483,-72.172693,Ewells Mills Historic Park,2026-01-01 15:00,7,4
L46370731,US,US-VT,US-VT-011,44.6612359,-73.0128622,Fairfax Community Park & Recreation Path,2026-09-13 09:50,33,9
L751940,US,US-VT,US-VT-011,44.8560675,-72.9905784,Fairfield Pond - Fairfield (446 acres),2026-06-24 14:27,81,24
L1140162,US,US-VT,US-VT-011,44.7955561,-72.9962755,Fairfield Swamp WMA,2026-09-23 14:22,154,560
L713068,US,US-VT,US-VT-011,44.823095,-72.9943442,Fairfield Swamp WMA--French Hill Access,2026-07-18 08:00,106,71
L1934679,US,US-VT,US-VT-017,43.888398,-72.1660566,Fairlee Marsh WMA,2026-09-13 13:09,81,18
L3860001,US,US-VT,US-VT-017,43.9280272,-72.1806908,Fairlee Town Forest,2025-08-31 13:15,67,12
L934665,US,US-VT,US-VT-001,44.1001295,-73.2845378,Farr Cross Road,2026-06-19 17:28,79,110
L26506118,US,US-VT,US-VT-021,43.80916,-72.943942,Farr Mountain,2023-08-10 09:21,6,1
L29202595,US,US-VT,US-VT-007,44.443808,-73.202527,Farrell Park,2026-06-06 19:04,70,38
L1219520,US,US-VT,US-VT-001,43.8924959,-73.093586,Farwell Memorial Forest and Overlook,2026-07-29 16:39,18,3
L751941,US,US-VT,US-VT-023,44.1265602,-72.7401645,Felchner Pond - Northfield (12 acres),2026-01-01 15:28,24,3
L1189837,US,US-VT,US-VT-009,44.6818363,-71.7038155,Ferdinand Bog - West Mountain WMA,2026-05-15 10:45,77,24
L751942,US,US-VT,US-VT-001,43.8629884,-73.069365,Fern Lake - Leicester (69 acres),2026-09-19 16:19,60,29
L4515250,US,US-VT,US-VT-001,44.234315,-73.3005667,Ferrisburgh Town Beach,2026-09-24 15:07,130,359
L17695552,US,US-VT,US-VT-001,44.2236969,-73.21664,Ferrisburgh Town Forest,2025-05-05 18:06,76,21
L1385380,US,US-VT,US-VT-001,44.2167858,-73.3303928,Fields (Kellogg) Bay / Kellogg Bay Road,2026-04-18 16:54,96,146
L14214083,US,US-VT,US-VT-015,44.532855,-72.427217,Fisher Covered Railroad Bridge,2026-09-02 16:21,38,11
L11835030,US,US-VT,US-VT-013,44.8460954,-73.3619819,Fisk Quarry Preserve,2026-08-30 11:31,98,39
L10006347,US,US-VT,US-VT-007,44.4107003,-73.1093144,Five Tree Hill Country Park,2026-07-27 09:23,88,47
L751943,US,US-VT,US-VT-005,44.5644961,-72.2086757,Flagg Pond - Wheelock (111 acres),2026-07-30 10:03,78,24
L11537473,US,US-VT,US-VT-027,43.388509,-72.659883,Fletcher Farm Foundation Fields,2026-08-25 08:46,31,8
L28256247,US,US-VT,US-VT-013,44.8295598,-73.305484,Footpath on the Island Line Trail,2026-09-27 08:48,75,23
L28332319,US,US-VT,US-VT-007,44.3042589,-72.8960478,Forest City Trail,2026-09-12 09:31,36,10
L751944,US,US-VT,US-VT-023,44.4076117,-72.4418758,Forest Lake (Nelson Pond) - Calais (133 acres),2026-08-20 16:00,71,26
L751945,US,US-VT,US-VT-009,44.9845253,-71.6815973,Forest Lake - Averill (62 acres),2026-06-17 18:52,121,248
L45422131,US,US-VT,US-VT-007,44.4893666,-73.0556133,Forestdale Natural Area,2026-05-27 07:17,31,15
L165348,US,US-VT,US-VT-001,44.2206227,-73.3140314,Fort Cassin / Porter Bay,2026-09-24 15:22,205,2006
L1464362,US,US-VT,US-VT-025,42.8198292,-72.5659714,Fort Dummer State Park,2026-06-27 13:48,104,253
L9242710,US,US-VT,US-VT-007,44.4985702,-73.1550783,Fort Ethan Allen Cemetery,2026-06-04 05:43,60,20
L20923035,US,US-VT,US-VT-007,44.504362,-73.1466301,Fort Ethan Allen Park,2026-05-26 21:21,36,9
L751946,US,US-VT,US-VT-005,44.3287269,-72.2105214,Fosters Pond - Peacham (61 acres),2025-07-19 09:30,33,11
L1935490,US,US-VT,US-VT-027,43.82282,-72.564963,Fox Stand (Royalton Hill Rd. bridge),2026-09-23 08:10,181,1224
L165273,US,US-VT,US-VT-011,44.9398,-73.0978,Franklin Co. State Airport IBA,2026-09-13 16:27,138,925
L1937144,US,US-VT,US-VT-007,44.3054241,-73.0583954,Fred Johnson WMA--north unit,2026-09-24 08:10,86,53
L1937136,US,US-VT,US-VT-001,44.2820789,-73.0444908,Fred Johnson WMA--south unit,2024-04-12 20:12,51,12
L21219216,US,US-VT,US-VT-007,44.512051,-72.840966,Frost Trail,2026-07-08 15:15,16,1
L751947,US,US-VT,US-VT-017,43.8469178,-72.4280062,Fuller Pond - Strafford (18 acres)
L751948,US,US-VT,US-VT-003,43.1725634,-72.8743045,Gale Meadows WMA and Gale Meadows Pond - Winhall (195 acres),2026-08-03 17:44,136,154
L46003738,US,US-VT,US-VT-019,44.9384963,-72.2019437,Gardner Memorial Park,2026-09-06 18:50,22,2
L40488728,US,US-VT,US-VT-011,44.6594501,-72.977221,Garland Park,2026-06-13 09:08,64,21
L7594120,US,US-VT,US-VT-023,44.155866,-72.661864,Garvey Field,2023-09-08 10:59,32,5
L751950,US,US-VT,US-VT-025,42.8184037,-72.806841,Gates Pond - Whitingham (30 acres),2026-08-22 09:24,45,13
L13133138,US,US-VT,US-VT-023,44.2564963,-72.5989142,Gateway Park / Peace Park,2026-05-23 10:40,70,83
L3243604,US,US-VT,US-VT-001,43.7643222,-73.3429644,George Davis (Singing Cedars) Fishing Access,2024-12-25 16:09,65,34
L751951,US,US-VT,US-VT-011,44.7196186,-73.1579906,Georgia Plains Res. - Georgia (19 acres),2026-05-05 09:00,7,2
L9130379,US,US-VT,US-VT-011,44.746637,-73.07807,Georgia Rest Area I-89 North Bound,2026-05-21 19:28,26,9
L10875289,US,US-VT,US-VT-011,44.755366,-73.078347,Georgia Rest Area I-89 South Bound,2026-09-03 11:41,23,7
L5679133,US,US-VT,US-VT-011,44.7678517,-73.1616926,Georgia Town Beach,2026-05-24 16:00,65,23
L418839,US,US-VT,US-VT-007,44.3418058,-73.1236159,Geprag Community Park - Hinesburg,2026-09-16 16:16,171,1899
L165275,US,US-VT,US-VT-021,43.6738,-72.8128,Gifford Woods State Park and Natural Area,2026-09-07 11:00,113,119
L4343538,US,US-VT,US-VT-007,44.4986787,-73.1696963,Gilbrook Natural Area,2026-09-05 14:36,100,101
L4164687,US,US-VT,US-VT-027,43.7892819,-72.3431039,Gile Mountain / Norwich Town Forest,2026-09-18 09:11,78,51
L751953,US,US-VT,US-VT-007,44.3540093,-72.9637755,Gillett Pond - Richmond (30 acres),2026-07-17 09:10,104,112
L2001809,US,US-VT,US-VT-003,42.978023,-73.071594,Glastenbury Mountain,2024-09-11 06:31,68,21
L26401325,US,US-VT,US-VT-003,43.028199,-73.031218,Glastenbury Mountain - North Peak
L751954,US,US-VT,US-VT-021,43.6634354,-73.2383222,Glen Lake - Castleton (206 acres),2026-09-07 12:08,101,176
L13349718,US,US-VT,US-VT-003,42.9741501,-73.0722463,Goddard Shelter,2024-09-11 06:31,28,3
L20669445,US,US-VT,US-VT-013,44.853436,-73.339531,Goodsell Ridge Preserve,2026-09-27 12:57,59,40
L26506059,US,US-VT,US-VT-001,43.829615,-72.970939,Goshen Mountain,2023-08-10 12:42,2,1
L200005,US,US-VT,US-VT-013,44.6883758,-73.3505764,Grand Isle Ferry Landing,2026-09-26 15:45,108,630
L617656,US,US-VT,US-VT-013,44.6898796,-73.2986794,Grand Isle State Park,2026-09-02 07:00,148,278
L17120376,US,US-VT,US-VT-001,44.0208553,-72.8280385,Granville Gulf Reservation State Forest,2025-05-11 10:56,16,4
L751955,US,US-VT,US-VT-009,44.9844726,-71.7031676,Great Averill Pond - Norton (828 acres),2026-06-16 12:12,107,83
L751956,US,US-VT,US-VT-019,44.6965213,-72.3604863,Great Hosmer Pond - Craftsbury (140 acres),2026-07-05 09:59,98,70
L165276,US,US-VT,US-VT-007,44.3469916,-72.9963831,Green Mountain Audubon Nature Center,2026-09-29 11:49,161,1547
L6525023,US,US-VT,US-VT-023,44.3970873,-72.7196217,Green Mountain Club Visitors Center,2026-09-22 13:55,110,71
L751957,US,US-VT,US-VT-015,44.6249775,-72.5208724,Green River Reservoir - Hyde Park (554 acres),2026-08-09 08:57,125,174
L1959690,US,US-VT,US-VT-015,44.6212195,-72.5269318,Green River Reservoir State Park,2026-08-09 08:57,134,405
L4015352,US,US-VT,US-VT-003,42.8726854,-73.1808436,Greenberg Headwaters Park,2026-09-23 07:48,149,538
L1944849,US,US-VT,US-VT-027,43.350348,-72.819998,Greendale Campground,2025-10-17 13:06,37,7
L9280075,US,US-VT,US-VT-007,44.4833951,-73.1867723,Greenmount Cemetery,2026-06-21 18:36,114,202
L5829966,US,US-VT,US-VT-001,44.1308669,-73.0936718,"Greenwood Cemetery, Bristol",2026-08-13 14:56,110,111
L11137408,US,US-VT,US-VT-023,44.4076533,-72.7321004,Gregg Hill Road Pond,2026-09-27 18:08,138,214
L751958,US,US-VT,US-VT-003,43.3032346,-72.9593804,Griffith Lake - Peru (18 acres),2026-08-11 11:30,63,15
L165344,US,US-VT,US-VT-005,44.2963,-72.2947,Groton State Forest--Owl's Head,2026-06-19 14:01,89,70
L566884,US,US-VT,US-VT-005,44.2870405,-72.2484755,Groton State Forest--Peacham Bog Trail,2026-09-19 09:48,98,66
L1214336,US,US-VT,US-VT-023,44.3130708,-72.3180198,Groton State Forest--Rail Trail,2026-08-05 08:10,112,95
L751959,US,US-VT,US-VT-025,43.0450723,-72.9454974,Grout Pond - Stratton (84 acres),2026-07-08 20:09,118,124
L5132708,US,US-VT,US-VT-023,44.3111362,-72.7148581,Grow Compost,2024-12-17 14:35,44,296
L13662544,US,US-VT,US-VT-009,44.569774,-71.588328,Guildhall Swamp Natural Area,2025-11-23 11:57,19,5
L9539970,US,US-VT,US-VT-025,42.8118641,-72.5657487,Guilford Welcome Center,2026-08-07 11:45,58,75
L751960,US,US-VT,US-VT-015,44.6928984,-72.5209647,Gut Pond - Eden (13 acres),2014-05-13 07:30,30,3
L751961,US,US-VT,US-VT-021,43.6926056,-73.219087,Half Moon Pond - Hubbardton (23 acres),2026-07-18 03:27,126,108
L253439,US,US-VT,US-VT-021,43.6988213,-73.222214,Half Moon Pond State Park,2026-09-12 08:15,124,525
L1937193,US,US-VT,US-VT-007,44.5317588,-73.2568359,Halfmoon Cove WMA,2026-05-10 06:55,94,33
L751962,US,US-VT,US-VT-011,44.6952191,-72.9301419,Halfmoon Pond - Fletcher (21 acres),2024-09-26 16:23,25,6
L751963,US,US-VT,US-VT-009,44.9788845,-71.9023436,Halfway Pond - Norton (22 acres)
L751964,US,US-VT,US-VT-001,44.1845142,-72.972814,Hallock Lake - Starksboro (15 acres),2026-04-16 16:47,59,15
L751965,US,US-VT,US-VT-017,44.0862511,-72.1227161,Halls Lake - Newbury (85 acres),2026-08-02 12:16,105,48
L751966,US,US-VT,US-VT-027,43.9343737,-72.8146648,Hancock Mtn. Pond - Rochester (14 acres),2022-10-07 12:05,15,4
L1944852,US,US-VT,US-VT-003,43.25337,-72.89222,Hapgood Pond Campground - GMNF,2026-08-14 00:00,109,141
L46273771,US,US-VT,US-VT-011,44.8154847,-73.066721,Hard'ack Recreation Area,2026-06-17 08:06,30,5
L751967,US,US-VT,US-VT-005,44.5261907,-72.3732948,Hardwick Lake - Hardwick (145 acres),2026-09-29 09:19,121,360
L11716959,US,US-VT,US-VT-005,44.515678,-72.3663269,Hardwick Village Forest,2026-05-25 11:27,67,21
L751968,US,US-VT,US-VT-015,44.4679126,-72.4993465,Hardwood Pond - Elmore (44 acres),2025-04-24 09:41,17,5
L26401305,US,US-VT,US-VT-003,42.871436,-73.132541,Harmon Hill,2026-08-09 10:25,30,4
L751969,US,US-VT,US-VT-017,44.1033245,-72.0794772,Harriman Pond - Newbury (20 acres),2026-04-22 12:12,14,1
L751970,US,US-VT,US-VT-025,42.8208579,-72.9049611,Harriman Reservoir - Whitingham (2040 acres),2026-09-21 18:09,95,70
L41029374,US,US-VT,US-VT-003,42.935299,-73.264957,Harrington Rd.--Walloomsac River pulloff,2026-06-06 10:44,44,14
L20572533,US,US-VT,US-VT-023,44.261322,-72.566774,Harrison Preserve,2026-05-20 16:39,50,48
L165278,US,US-VT,US-VT-027,43.3407,-72.5197,Hartness State Airport,2026-05-01 17:59,116,137
L751971,US,US-VT,US-VT-019,44.7044606,-72.2924212,Hartwell Pond - Albany (16 acres),2026-09-01 12:13,25,9
L751972,US,US-VT,US-VT-005,44.2935323,-72.136638,Harveys Lake - Barnet (351 acres),2026-07-09 09:43,37,20
L5580932,US,US-VT,US-VT-011,44.7944197,-73.1719816,Hathaway Point Boat Launch,2026-04-05 11:49,82,73
L929295,US,US-VT,US-VT-021,43.767034,-73.0553913,Hawk Hill Trails,2026-07-26 17:00,99,59
L1790962,US,US-VT,US-VT-001,44.2193334,-73.2679579,Hawkins Road,2026-06-05 10:21,179,1011
L1939157,US,US-VT,US-VT-027,43.3778536,-72.5684738,Hawks Mountain WMA,2025-04-04 11:17,46,7
L26706180,US,US-VT,US-VT-019,44.824845,-72.538339,Haystack Mountain,2023-08-22 09:28,4,1
L751973,US,US-VT,US-VT-025,42.918083,-72.9166328,Haystack Pond - Wilmington (27 acres),2023-06-19 22:05,57,6
L753228,US,US-VT,US-VT-019,44.841447,-72.5249577,Hazen's Notch,2026-06-28 07:50,71,39
L7977702,US,US-VT,US-VT-013,44.8227726,-73.2717647,Hen Island,2026-07-27 15:12,33,13
L165635,US,US-VT,US-VT-025,43.178577,-72.44664,Herrick's Cove IBA,2026-09-23 06:59,239,4286
L751975,US,US-VT,US-VT-025,42.8804609,-72.7195557,Hidden Lake - Marlboro (17 acres),2026-08-23 13:34,31,17
L751976,US,US-VT,US-VT-021,43.7533203,-73.154044,High Pond - Sudbury (20 acres),2026-06-30 12:24,76,10
L1218373,US,US-VT,US-VT-007,44.3261813,-73.032614,Hinesburg Town Forest,2026-09-22 13:45,123,876
L7369452,US,US-VT,US-VT-007,44.3411555,-73.1031239,Hinesburg Village Cemetery,2026-06-06 20:31,138,530
L751977,US,US-VT,US-VT-021,43.7649302,-73.1681915,Hinkum Pond - Sudbury (60 acres),2013-06-22 07:30,45,3
L6687982,US,US-VT,US-VT-025,42.8526969,-72.7967218,Hogback Conservation Area--Tower Trail,2026-09-24 11:06,114,288
L16994458,US,US-VT,US-VT-015,44.4241538,-72.6446217,Hogback Mountain,2025-11-08 11:05,27,8
L14607492,US,US-VT,US-VT-025,42.8602216,-72.795391,Hogback Mountain Conservation Area,2026-09-24 11:06,115,319
L3973032,US,US-VT,US-VT-013,44.8549181,-73.33186,Holcomb Bay Fishing Access,2025-10-28 10:20,53,12
L751978,US,US-VT,US-VT-017,44.0416198,-72.5885417,Holdens Pond - Brookfield (10 acres),2023-03-12 10:37,6,2
L751979,US,US-VT,US-VT-019,44.9863545,-71.9290638,Holland Pond - Holland (325 acres),2026-09-29 17:29,76,22
L5816415,US,US-VT,US-VT-007,44.3604378,-72.913295,Honey Hollow Trail,2026-07-11 10:18,96,70
L12035291,US,US-VT,US-VT-025,42.869637,-72.874709,Hoot Toot and Whistle Trail,2026-08-08 14:22,77,24
L33471086,US,US-VT,US-VT-023,44.2106439,-72.4999707,Hope Cemetery,2026-08-23 10:22,52,40
L7308638,US,US-VT,US-VT-023,44.3765342,-72.7153593,Hope Davey Memorial Park,2026-08-13 16:31,83,90
L3973005,US,US-VT,US-VT-013,44.9139796,-73.313621,Horicans Fishing Access,2025-03-12 17:22,20,15
L751980,US,US-VT,US-VT-023,44.3234033,-72.5417863,Horn of the Moon Pond - East Montpelier (10 acres),2026-07-04 07:59,79,30
L751981,US,US-VT,US-VT-019,44.6167906,-72.2115416,Horse Pond - Greensboro (32 acres),2026-06-22 14:37,95,137
L751982,US,US-VT,US-VT-021,43.7845714,-73.1801242,Hough Pond - Sudbury (16 acres),2025-10-27 13:14,38,11
L751983,US,US-VT,US-VT-003,42.7844417,-72.986157,Howe Pond - Readsboro (52 acres),2025-07-19 17:00,44,12
L517197,US,US-VT,US-VT-003,43.0687937,-73.1590319,Howell's Swamp,2026-09-10 09:58,140,252
L165280,US,US-VT,US-VT-023,44.2676,-72.5779,Hubbard Park,2026-09-27 08:02,126,919
L5813252,US,US-VT,US-VT-007,44.4292137,-73.1894696,Hubbard Recreation & Natural Area,2026-09-20 15:00,106,183
L917601,US,US-VT,US-VT-021,43.6948729,-73.1383038,Hubbardton Battlefield WMA and State Historic Site,2026-06-22 17:14,84,67
L801167,US,US-VT,US-VT-007,44.4634695,-73.2206637,Hula/Blodgett Beach,2026-09-24 13:27,152,920
L22310163,US,US-VT,US-VT-017,43.936511,-72.142043,Hulbert Outdoor Center,2026-09-18 08:10,49,36
L11996351,US,US-VT,US-VT-023,44.395266,-72.645242,Hunger Mountain,2026-08-26 13:44,77,71
L16371520,US,US-VT,US-VT-007,44.2948527,-72.9615952,Huntington Community Forest,2026-05-23 10:55,103,53
L3452604,US,US-VT,US-VT-001,44.0705784,-73.1950164,Huntington Falls,2026-04-11 13:35,60,30
L1956423,US,US-VT,US-VT-023,44.237719,-72.915589,Huntington Gap WMA,2023-02-19 10:32,24,4
L22322125,US,US-VT,US-VT-007,44.3684407,-72.9684877,Huntington Gorge,2026-06-25 12:55,47,4
L763439,US,US-VT,US-VT-001,44.022138,-73.1855321,Hurd Grassland,2026-09-18 10:45,136,1053
L249169,US,US-VT,US-VT-027,43.6455277,-72.3583207,Hurricane Forest & Wildlife Refuge,2026-08-19 18:46,94,84
L12417181,US,US-VT,US-VT-017,44.0158737,-72.1204688,"I-91 Northbound Rest Stop, Bradford Information Center",2026-09-22 11:10,58,24
L751984,US,US-VT,US-VT-007,44.5351436,-73.0979788,Indian Brook Reservoir - Essex (50 acres),2026-09-28 13:27,138,418
L17176651,US,US-VT,US-VT-025,42.802927,-72.538611,Indian Point Picnic Area,2026-09-05 14:16,33,8
L751985,US,US-VT,US-VT-021,43.6429223,-73.2772529,Inman Pond - Fair Haven (85 acres),2026-07-12 15:21,65,14
L1937263,US,US-VT,US-VT-007,44.4944543,-73.2213449,Intervale WMA,2026-09-08 11:00,123,102
L18178043,US,US-VT,US-VT-007,44.521934,-73.243141,Intervale WMA--Howe Farm unit,2025-10-12 13:17,90,36
L33442984,US,US-VT,US-VT-019,44.802679,-72.279123,Irasburg Square,2026-08-22 18:03,48,8
L11381028,US,US-VT,US-VT-023,44.197712,-72.603464,Irish Hill Trails,2026-09-21 10:55,81,88
L751986,US,US-VT,US-VT-009,44.8036202,-71.8697215,Island Pond - Brighton (626 acres),2026-09-19 08:45,169,733
L1149353,US,US-VT,US-VT-009,44.7926325,-71.8664753,Island Pond Access Area,2026-07-25 13:52,142,237
L6476651,US,US-VT,US-VT-013,44.9029195,-73.3160262,Isle LaMotte Passage Causeway,2026-09-27 10:46,94,149
L165282,US,US-VT,US-VT-013,44.8759,-73.339,Isle la Motte,2026-09-27 12:57,188,542
L11131645,US,US-VT,US-VT-001,44.033291,-73.1930481,Jackson Trail,2025-01-14 15:26,79,23
L751987,US,US-VT,US-VT-025,42.8014924,-72.8159112,Jacksonville Pond - Whitingham (20 acres),2026-06-28 09:30,56,17
L11533574,US,US-VT,US-VT-017,44.1510636,-72.4319525,Jail Branch Marsh,2026-05-15 16:54,57,25
L1959817,US,US-VT,US-VT-025,43.1056516,-72.7727401,Jamaica State Park,2026-09-23 14:45,93,79
L19472413,US,US-VT,US-VT-023,44.3409756,-72.4233082,Janes Cemetery,2026-07-05 16:44,43,20
L36159333,US,US-VT,US-VT-019,44.957869,-72.443295,Jay Community Recreation Center,2026-08-15 11:08,37,7
L221192,US,US-VT,US-VT-019,44.9241576,-72.5256477,Jay Peak,2026-09-27 14:02,116,202
L40450727,US,US-VT,US-VT-019,44.9389673,-72.4983715,Jay Peak Golf Course,2026-07-12 12:35,19,4
L8161657,US,US-VT,US-VT-001,43.998673,-73.149074,Jeffrey Murdock Nature Preserve,2026-06-13 00:00,50,13
L912839,US,US-VT,US-VT-007,44.4517958,-73.0032921,Jericho Research Forest--UVM,2026-09-28 18:26,100,297
L18776162,US,US-VT,US-VT-007,44.501348,-72.977446,Jericho Town Forest,2026-06-21 12:57,79,89
L11785725,US,US-VT,US-VT-027,43.361591,-72.723344,Jewell Brook Site Number 1 Reservoir,2024-07-30 12:33,32,9
L11783511,US,US-VT,US-VT-027,43.380876,-72.72336,Jewell Brook Site Number 5 Reservoir,2025-11-27 15:57,35,10
L751988,US,US-VT,US-VT-019,44.762059,-71.9536351,Jobs Pond - Westmore (39 acres),2026-07-02 10:33,62,61
L751989,US,US-VT,US-VT-005,44.407974,-72.2142917,Joes Pond - Danville (396 acres),2026-08-28 08:35,111,139
L13330200,US,US-VT,US-VT-013,44.637228,-73.267058,John Guilmette Access Area,2026-08-24 10:40,79,95
L930977,US,US-VT,US-VT-009,44.7894498,-71.8265318,John H Boylan State Airport (Island Pond Airport),2026-09-05 08:08,99,82
L1789600,US,US-VT,US-VT-019,44.9962176,-72.1808416,John's River Boat Access,2026-09-06 10:58,154,324
L8361778,US,US-VT,US-VT-007,44.4040225,-73.0133698,Johnnie Brook Rd. Trail,2026-05-15 14:48,96,53
L11635160,US,US-VT,US-VT-015,44.637946,-72.679337,Johnson Arboretum,2026-04-18 09:24,29,8
L14531899,US,US-VT,US-VT-009,44.9397459,-71.5216534,Johnson Farm WMA--Capon Brook Access,2024-05-01 11:34,20,3
L14518784,US,US-VT,US-VT-009,44.95092,-71.523109,Johnson Farm WMA--Coderre Road Access,2025-09-18 16:18,19,5
L751990,US,US-VT,US-VT-001,43.7663095,-73.2234449,Johnson Pond - Orwell (20 acres)
L751991,US,US-VT,US-VT-021,43.5183455,-72.8457545,Johnson Pond - Shrewsbury (12 acres),2024-04-09 10:21,38,6
L208491,US,US-VT,US-VT-001,44.050647,-73.1945563,Johnson Trail,2026-04-25 16:17,47,12
L1024409,US,US-VT,US-VT-001,43.9765723,-73.4042716,Jones Dock Road / Giard's Bay,2025-11-17 11:38,111,281
L56692223,US,US-VT,US-VT-021,43.7829445,-73.0618554,Jones Mill Pond,2026-03-22 12:23,5,2
L34828613,US,US-VT,US-VT-027,43.823462,-72.4727261,Joseph Smith Birthplace Memorial,2026-07-04 15:32,32,4
L751992,US,US-VT,US-VT-009,44.3626357,-71.8413576,Joslin Turn Pond - Concord (10 acres),2025-08-02 06:51,55,6
L26752078,US,US-VT,US-VT-019,45.004873,-72.474318,Journey's End Trail,2023-08-23 15:14,5,1
L1118259,US,US-VT,US-VT-025,43.1483425,-72.4581385,Joy Wah overlook / Allbees Cove,2026-05-30 10:46,136,657
L3973055,US,US-VT,US-VT-013,44.6678631,-73.3204767,Keeler Bay Fishing Access,2026-09-23 13:21,69,61
L751993,US,US-VT,US-VT-005,44.3856511,-72.1719633,Keiser Pond - Danville (33 acres),2026-05-18 06:03,82,29
L2006358,US,US-VT,US-VT-003,43.0581648,-73.0082703,Kelley Stand Road east,2026-08-06 11:20,80,28
L2006348,US,US-VT,US-VT-003,43.051158,-73.074373,Kelley Stand Road west,2026-05-31 11:30,68,21
L8892770,US,US-VT,US-VT-027,43.7560712,-72.2278523,Kendall Station Rd.,2026-09-12 08:27,167,1023
L15243209,US,US-VT,US-VT-023,44.2903813,-72.7239668,Kenneth Ward Park,2026-05-05 06:11,53,7
L751994,US,US-VT,US-VT-025,42.9887187,-72.7051278,Kenny Pond - Newfane (26 acres),2023-05-06 11:40,56,9
L751995,US,US-VT,US-VT-021,43.6771288,-72.8041892,Kent Pond - Killington (99 acres),2026-09-30 07:59,185,1472
L1939226,US,US-VT,US-VT-027,43.808,-72.53,Kent's Ledge,2026-06-28 09:31,102,78
L1938430,US,US-VT,US-VT-003,43.079797,-73.1187344,Kesick Swamp WMA,2026-08-31 08:22,122,166
L751996,US,US-VT,US-VT-023,44.294778,-72.3192389,Kettle Pond - Groton (109 acres),2026-09-25 15:23,87,57
L1959846,US,US-VT,US-VT-005,44.2936298,-72.3066044,Kettle Pond State Park,2026-09-11 15:30,86,61
L751997,US,US-VT,US-VT-019,44.871155,-72.307708,Kidder Pond - Irasburg (16 acres)
L9018167,US,US-VT,US-VT-007,44.4773583,-73.0123054,Kikas Valley Farm,2026-02-06 14:05,110,116
L24225236,US,US-VT,US-VT-025,42.8482763,-72.5700923,Kikitta Ahki (Whetstone Brook Floodplain),2026-09-24 15:56,37,5
L279277,US,US-VT,US-VT-011,44.7788879,-73.1827855,Kill Kare State Park ,2026-09-28 12:48,134,296
L249757,US,US-VT,US-VT-021,43.6726547,-72.7796431,Killington Marsh,2026-09-28 10:39,130,434
L165286,US,US-VT,US-VT-021,43.6044,-72.8206,Killington Peak,2026-08-16 15:34,106,115
L769962,US,US-VT,US-VT-027,43.622635,-72.5428684,King Farm,2026-09-18 10:37,82,43
L3973026,US,US-VT,US-VT-013,44.8697776,-73.2505193,Kings Bay Fishing Access,2026-01-31 15:48,46,42
L26534109,US,US-VT,US-VT-023,44.14484,-72.844769,Kingsbury Greenway/Wabanaki Conservation Area,2026-09-25 12:11,87,54
L165288,US,US-VT,US-VT-001,44.2390323,-73.3001328,Kingsland Bay State Park,2026-09-21 12:22,174,447
L26752473,US,US-VT,US-VT-001,43.963666,-72.947236,Kirby Peak,2023-08-11 13:13,1,1
L751998,US,US-VT,US-VT-005,44.5083455,-71.9155315,Kirby Pond - Kirby (10 acres),2023-02-23 14:15,9,1
L751999,US,US-VT,US-VT-027,43.4475281,-72.5626023,Knapp Brook #1 - Cavendish (25 acres),2026-07-24 12:35,67,33
L752000,US,US-VT,US-VT-027,43.4482464,-72.5684221,Knapp Brook #2 - Cavendish (35 acres),2026-07-24 11:30,64,32
L342468,US,US-VT,US-VT-027,43.4471337,-72.5778952,Knapp Brook WMA ,2026-07-24 12:35,87,82
L1959892,US,US-VT,US-VT-013,44.8111159,-73.2534885,Knight Island State Park,2025-08-09 15:54,76,27
L1959921,US,US-VT,US-VT-013,44.7714926,-73.2952023,Knight Point State Park,2026-09-27 10:58,151,242
L752001,US,US-VT,US-VT-023,44.3605806,-72.3725881,Knob Hill Pond - Marshfield (16 acres),2026-04-23 09:58,24,7
L19733105,US,US-VT,US-VT-017,44.165615,-72.355982,Knox Mountain,2024-04-27 07:18,24,5
L19733093,US,US-VT,US-VT-017,44.170768,-72.367985,Knox Mountain--West Peak,2022-06-19 15:28,7,1
L2945225,US,US-VT,US-VT-023,44.2300024,-72.3707306,L.R. Jones State Forest / Spruce Mt. Peak,2026-07-19 10:15,81,86
L3004435,US,US-VT,US-VT-007,44.2982505,-73.0942713,LaPlatte Headwaters Town Forest,2026-09-29 06:43,128,871
L3000935,US,US-VT,US-VT-007,44.3751589,-73.2209802,LaPlatte River Nature Park (E of Falls Rd. & Post Office),2026-09-27 08:38,143,210
L208970,US,US-VT,US-VT-007,44.3929279,-73.2312618,LaPlatte River and Marshes (S of Bay Road),2026-09-19 11:28,203,2429
L22860666,US,US-VT,US-VT-023,44.371958,-72.548215,Ladd Recreation Field,2026-06-16 09:15,14,2
L15037358,US,US-VT,US-VT-009,44.4529204,-71.8308131,Ladd Road Railroad Bed--East,2026-08-21 08:40,88,49
L35816914,US,US-VT,US-VT-005,44.522599,-72.326404,Laggis Farm Manure Pit,2026-09-15 15:46,59,65
L2298981,US,US-VT,US-VT-007,44.3308753,-73.1263196,Lagoon Road,2026-08-11 09:17,176,2567
L752002,US,US-VT,US-VT-023,44.2920847,-72.3725433,Laird Pond - Marshfield (12 acres),2012-05-10 08:30,11,2
L752003,US,US-VT,US-VT-017,43.8318725,-72.2346699,Lake Abenaki - Thetford (44 acres),2026-05-23 16:49,48,16
L752004,US,US-VT,US-VT-021,43.6485086,-73.2082576,Lake Bomoseen - Castleton (2360 acres),2026-08-29 16:13,188,3029
L22129179,US,US-VT,US-VT-021,43.6315694,-73.2326156,Lake Bomoseen--Edward F. Kehoe Access Area,2026-09-29 09:08,68,64
L165378,US,US-VT,US-VT-021,43.6878364,-73.196011,Lake Bomoseen/Hubbardton Marshes IBA,2026-09-29 11:17,170,738
L752005,US,US-VT,US-VT-011,44.9744946,-72.8746072,Lake Carmi - Franklin (1402 acres),2026-09-28 00:00,176,277
L1584423,US,US-VT,US-VT-011,44.9523472,-72.8753185,Lake Carmi State Park,2026-09-28 00:00,191,650
L752006,US,US-VT,US-VT-019,44.9522251,-72.1150452,Lake Derby - Derby (207 acres),2026-09-04 14:39,57,18
L752007,US,US-VT,US-VT-001,43.9008834,-73.076211,Lake Dunmore - Salisbury (985 acres),2026-09-05 17:00,141,227
L752008,US,US-VT,US-VT-015,44.7187597,-72.5047242,Lake Eden - Eden (194 acres),2026-08-07 08:00,114,84
L752009,US,US-VT,US-VT-019,44.5997793,-72.3568697,Lake Elligo (Eligo Pond)-Greensboro (174 acres),2026-09-09 08:05,90,94
L752010,US,US-VT,US-VT-015,44.5346577,-72.5253133,Lake Elmore - Elmore (219 acres),2026-09-29 11:47,165,1102
L15320247,US,US-VT,US-VT-015,44.521132,-72.514972,Lake Elmore Cemetery,2025-07-12 10:45,13,2
L752011,US,US-VT,US-VT-017,43.8871799,-72.2263675,Lake Fairlee - Thetford (457 acres),2026-09-20 14:01,155,313
L752012,US,US-VT,US-VT-023,44.4560165,-72.4256471,Lake Greenwood - Woodbury (96 acres),2026-07-14 13:10,57,15
L752013,US,US-VT,US-VT-005,44.2618607,-72.2628323,Lake Groton - Groton (422 acres),2025-07-14 14:30,72,26
L752014,US,US-VT,US-VT-003,42.823987,-73.1285856,Lake Hancock (Sucker Pond) - Stamford (51 acres),2023-09-03 15:37,47,4
L752015,US,US-VT,US-VT-021,43.7486948,-73.2077469,Lake Hortonia - Hubbardton (479 acres),2026-09-04 18:34,134,248
L752016,US,US-VT,US-VT-007,44.3699116,-73.0842137,Lake Iroquois - Hinesburg (243 acres),2026-09-28 12:48,167,933
L752017,US,US-VT,US-VT-015,44.5715173,-72.6075666,Lake Lamoille - Morristown (148 acres),2026-09-28 07:10,161,1962
L752018,US,US-VT,US-VT-003,43.1626998,-73.1433467,Lake Madeleine - Sandgate (20 acres),2023-05-27 16:54,41,1
L752019,US,US-VT,US-VT-015,44.4714095,-72.8156661,Lake Mansfield - Stowe (35 acres),2026-06-22 10:26,93,24
L3300077,US,US-VT,US-VT-007,44.4781,-72.8241,Lake Mansfield Trail and Nebraska Notch,2026-08-18 11:26,62,24
L752020,US,US-VT,US-VT-019,44.9731378,-72.215948,Lake Memphremagog - Derby (5966 acres),2026-09-11 17:25,200,440
L752021,US,US-VT,US-VT-023,44.3960959,-72.4434757,Lake Mirror (No. 10 Pond) - Calais (85 acres),2026-08-14 16:45,68,46
L752022,US,US-VT,US-VT-027,43.7484422,-72.4028863,Lake Mitchell - Sharon (28 acres),2025-05-26 12:37,64,4
L752023,US,US-VT,US-VT-017,43.9246689,-72.1488856,Lake Morey - Fairlee (547 acres),2026-09-29 11:44,179,1117
L752024,US,US-VT,US-VT-021,43.4691061,-72.7561276,Lake Ninevah - Mount Holly (171 acres),2026-08-18 14:43,160,390
L752025,US,US-VT,US-VT-003,42.9329749,-73.2326876,Lake Paran - Bennington (40 acres),2026-09-28 07:29,187,1283
L752026,US,US-VT,US-VT-019,44.7186473,-72.2341466,Lake Parker - Glover (250 acres),2026-08-15 08:20,84,42
L752027,US,US-VT,US-VT-027,43.6522676,-72.4323337,Lake Pinneo - Hartford (50 acres),2026-09-05 14:35,153,504
L752028,US,US-VT,US-VT-025,42.8750622,-72.8184591,Lake Raponda - Wilmington (121 acres),2026-08-15 07:00,88,49
L752029,US,US-VT,US-VT-027,43.4844036,-72.393348,Lake Runnemede / Evarts Pond - (62 acres) - Paradise Park,2026-09-29 07:57,218,3708
L752030,US,US-VT,US-VT-019,44.9302359,-72.1071651,Lake Salem - Derby (764 acres),2026-06-30 16:38,87,71
L752031,US,US-VT,US-VT-021,43.4683693,-73.2135773,Lake St. Catherine - Wells (883 acres),2026-08-21 15:05,103,82
L1950662,US,US-VT,US-VT-021,43.4793317,-73.2062817,Lake St. Catherine State Park,2026-09-27 08:47,133,231
L752032,US,US-VT,US-VT-019,44.7446939,-72.0584133,Lake Willoughby - Westmore (1653 acres),2026-09-14 11:40,135,511
L17483860,US,US-VT,US-VT-009,44.8137524,-71.8803094,Lakeside Park,2026-09-19 08:45,90,130
L10649265,US,US-VT,US-VT-007,44.4924364,-73.2324689,Lakeview Cemetery,2026-06-08 17:04,89,87
L752033,US,US-VT,US-VT-027,43.685899,-72.6463581,Lakota Lake - Barnard (20 acres),2025-11-03 09:45,42,15
L4895253,US,US-VT,US-VT-015,44.542229,-72.658725,Lamoille County Nature Center,2026-09-23 13:20,73,40
L4980656,US,US-VT,US-VT-015,44.5900775,-72.6144147,Lamoille Valley Rail Trail--Hyde Park,2026-07-18 10:30,120,146
L2098619,US,US-VT,US-VT-015,44.565257,-72.585392,Lamoille Valley Rail Trail--Morrisville east,2026-09-25 10:58,94,41
L752034,US,US-VT,US-VT-017,44.0643329,-72.610567,Lamson Pond - Brookfield (24 acres),2026-03-28 15:42,98,61
L54960046,US,US-VT,US-VT-025,42.9766934,-72.5119168,Landmark College,2026-09-28 08:30,98,431
L9517861,US,US-VT,US-VT-013,44.633088,-73.28198,Landon Community Trail,2026-09-13 18:17,77,36
L798902,US,US-VT,US-VT-001,43.9257328,-73.3930922,Lapham Bay / Torrey Lane,2026-09-19 09:30,122,391
L1831825,US,US-VT,US-VT-001,43.8550411,-73.3767321,Larrabees Point Ferry Dock,2026-07-20 11:13,87,84
L1328658,US,US-VT,US-VT-001,43.8485517,-73.3692154,Larrabees Point fishing access,2026-06-05 12:27,108,147
L25802142,US,US-VT,US-VT-007,44.5381215,-72.8234442,Laura Cowles Trail,2026-07-25 08:06,46,19
L752035,US,US-VT,US-VT-025,42.8195541,-72.817662,Laurel Lake - Whitingham (16 acres),2026-02-15 07:00,17,3
L3676146,US,US-VT,US-VT-007,44.5039702,-73.2500821,Leddy Park,2026-09-11 09:42,120,237
L209036,US,US-VT,US-VT-027,43.7045029,-72.3042209,"Ledyard Bridge Area, Connecticut River",2026-09-28 17:35,182,1624
L752036,US,US-VT,US-VT-021,43.7151985,-72.9018244,Lefferts Pond - Chittenden (55 acres),2026-09-21 11:11,170,1016
L165322,US,US-VT,US-VT-001,43.8558,-73.1508,Leicester Junction,2026-08-24 10:33,101,49
L873674,US,US-VT,US-VT-001,44.0195766,-73.2382965,"Lemon Fair Road, Weybridge",2026-06-13 05:55,155,2230
L33735157,US,US-VT,US-VT-001,43.941303,-73.258136,Lemon Fair Sculpture Park,2026-08-30 14:11,61,13
L1937315,US,US-VT,US-VT-001,43.9913904,-73.2546017,"Lemon Fair WMA, vicinity of Rte. 125 bridge",2026-09-06 18:48,106,135
L3860046,US,US-VT,US-VT-001,43.9653917,-73.2650113,Lemon Fair WMA--Bonner Parcel,2026-05-15 09:29,71,65
L3860058,US,US-VT,US-VT-001,43.9517682,-73.2629943,Lemon Fair WMA--Gorton Parcel,2026-06-14 06:29,68,15
L1024408,US,US-VT,US-VT-001,43.9402089,-73.3951735,Leonard Bay,2026-02-14 13:28,81,62
L1951579,US,US-VT,US-VT-027,43.7205595,-72.697649,Les Newell WMA,2024-06-01 12:56,25,4
L19506859,US,US-VT,US-VT-023,44.238551,-72.524953,Levesque Power Plant and Siboinebi Path Bridge,2026-09-01 17:25,39,12
L752037,US,US-VT,US-VT-005,44.2661619,-72.2263098,Levi Pond WMA - Groton (22 acres),2022-07-16 08:00,21,6
L294826,US,US-VT,US-VT-001,44.2486368,-73.2741979,Lewis Creek Fishing Access,2026-07-19 10:30,170,193
L1951506,US,US-VT,US-VT-001,44.2153709,-73.0082703,Lewis Creek WMA,2026-04-14 11:45,52,5
L752038,US,US-VT,US-VT-009,44.8835133,-71.7810049,Lewis Pond - Lewis (68 acres),2026-08-28 13:10,90,78
L752039,US,US-VT,US-VT-025,43.2353105,-72.7514118,Lily Pond - Londonderry (21 acres),2024-07-28 07:27,13,4
L752040,US,US-VT,US-VT-021,43.4948166,-73.2076867,Lily Pond - Poultney (21 acres),2026-09-06 08:16,101,50
L752041,US,US-VT,US-VT-025,42.7364093,-72.5091818,Lily Pond - Vernon (41 acres),2026-05-31 09:30,73,47
L14872818,US,US-VT,US-VT-027,43.6451551,-72.3235486,"Lily Pond, White River Junction",2026-09-25 09:13,97,284
L752042,US,US-VT,US-VT-017,44.1013916,-72.549932,Limehurst Pond - Williamstown (13 acres),2026-05-19 05:46,50,7
L777442,US,US-VT,US-VT-027,43.4369501,-72.5116689,Little Ascutney WMA,2026-05-23 06:30,89,40
L752043,US,US-VT,US-VT-009,44.9546873,-71.717201,Little Averill Pond - Averill (467 acres),2026-07-19 15:02,42,56
L752044,US,US-VT,US-VT-005,44.5786658,-72.3635308,Little Eligo - Hardwick (15 acres),2026-04-16 07:57,46,28
L752046,US,US-VT,US-VT-015,44.4980561,-72.5317579,Little Elmore Pond - Elmore (24 acres),2023-11-04 10:41,45,4
L26569459,US,US-VT,US-VT-001,44.028118,-72.905433,Little Hans Peak,2023-08-12 11:37,1,1
L21867829,US,US-VT,US-VT-001,44.2091011,-73.12858,Little Hogback Community Forest,2026-07-27 06:43,40,2
L752047,US,US-VT,US-VT-019,44.6771466,-72.3779516,Little Hosmer Pond - Craftsbury (180 acres),2026-09-17 15:02,108,77
L2296796,US,US-VT,US-VT-001,44.2308547,-73.255291,Little Otter Creek WMA IBA--Greenbush Rd. Access,2026-09-29 07:44,187,945
L109528,US,US-VT,US-VT-001,44.2260163,-73.2759089,Little Otter Creek WMA IBA--South Slang,2026-09-24 14:31,202,1020
L26474274,US,US-VT,US-VT-021,43.636244,-72.820207,Little Pico Peak,2024-08-03 10:39,5,2
L752048,US,US-VT,US-VT-011,44.9569259,-72.8278502,Little Pond - Franklin (95 acres),2026-09-28 09:00,34,1
L752049,US,US-VT,US-VT-021,43.432593,-73.2028575,Little Pond - Wells (177 acres),2026-09-29 09:16,84,41
L752050,US,US-VT,US-VT-003,43.1234938,-72.9413928,Little Pond - Winhall (18 acres),2026-04-12 14:02,32,6
L752051,US,US-VT,US-VT-003,42.9254156,-73.0648227,Little Pond - Woodford (16 acres),2026-06-26 11:00,64,13
L26368009,US,US-VT,US-VT-003,42.938365,-73.057635,Little Pond Mountain,2023-08-03 09:37,1,1
L3889106,US,US-VT,US-VT-023,44.4302384,-72.7425693,Little River Canoe Access,2026-09-29 12:34,118,143
L581947,US,US-VT,US-VT-023,44.3914986,-72.7648437,Little River State Park,2026-09-05 11:06,139,438
L752052,US,US-VT,US-VT-021,43.399903,-72.9560641,Little Rock Pond - Wallingford (18 acres),2026-08-03 06:33,88,47
L7739071,US,US-VT,US-VT-019,44.9152467,-72.0909431,Little Salem Pond,2025-11-11 09:52,43,29
L17144783,US,US-VT,US-VT-005,44.254526,-72.3025218,Little Spruce Mountain
L26401085,US,US-VT,US-VT-025,43.0745,-72.936294,Little Stratton Mountain,2024-07-06 13:20,21,3
L26813129,US,US-VT,US-VT-025,42.8463452,-72.5867695,Living Memorial Park,2026-07-24 12:56,56,32
L1553604,US,US-VT,US-VT-007,44.4910591,-73.2469056,Lone Rock Point / North Beach,2026-09-12 15:53,180,655
L286684,US,US-VT,US-VT-001,44.2523426,-73.2810616,Long Point - Ferrisburgh,2026-07-31 07:15,174,496
L752053,US,US-VT,US-VT-015,44.7670488,-72.6006278,Long Pond (Belvidere Pond) - Eden (97 acres),2026-09-11 13:20,125,506
L752054,US,US-VT,US-VT-019,44.6221334,-72.2627239,Long Pond - Greensboro (100 acres),2026-07-18 10:22,77,32
L752055,US,US-VT,US-VT-007,44.6740044,-73.1917843,Long Pond - Milton (47 acres),2024-11-17 10:18,26,4
L752056,US,US-VT,US-VT-017,44.1047507,-72.1663207,Long Pond - Newbury (15 acres),2023-07-11 07:35,16,1
L752057,US,US-VT,US-VT-005,44.676099,-72.144985,Long Pond - Sheffield (38 acres),2026-06-28 10:10,47,7
L752058,US,US-VT,US-VT-019,44.74838,-72.0169914,Long Pond - Westmore (90 acres),2026-08-20 10:00,76,56
L208859,US,US-VT,US-VT-021,43.7836123,-73.1248283,Long Swamp,2026-05-23 05:48,109,60
L7792453,US,US-VT,US-VT-019,44.9998716,-72.4871551,Long Tail--Rt 105 to LT Northern Terminus,2023-08-23 13:40,21,2
L3298258,US,US-VT,US-VT-023,44.2228,-72.9035,Long Trail--Appalachian Gap to Huntington Gap,2025-09-21 12:38,16,8
L3298331,US,US-VT,US-VT-007,44.473,-72.8376,Long Trail--Bolton Mountain to Nebraska Notch,2022-08-15 09:45,49,3
L1968091,US,US-VT,US-VT-023,44.346379,-72.86694,Long Trail--Camels Hump to Winooski River (Bamforth Ridge),2024-07-05 20:51,50,17
L26752591,US,US-VT,US-VT-021,43.52367,-72.91271,Long Trail--Clarendon Shelter,2024-06-03 11:25,9,2
L3298224,US,US-VT,US-VT-001,44.0701,-72.9234,Long Trail--Cooley Glen Shelter to Lincoln Gap,2025-07-30 10:32,38,17
L26493183,US,US-VT,US-VT-021,43.76783,-72.922716,Long Trail--David Logan Shelter,2024-08-16 08:59,10,2
L26752231,US,US-VT,US-VT-019,44.81459,-72.548064,Long Trail--Eden Crossing to Hazen's Notch,2023-08-22 08:54,4,1
L3298249,US,US-VT,US-VT-023,44.2786,-72.8937,Long Trail--Huntington Gap to Wind Gap,2024-07-04 19:44,30,4
L3298285,US,US-VT,US-VT-001,44.1082,-72.9388,Long Trail--Lincoln Gap to Mount Abraham,2026-09-19 12:39,79,62
L26360774,US,US-VT,US-VT-003,42.887878,-73.095592,Long Trail--Melville Nauheim Shelter,2024-06-03 13:16,29,4
L3298238,US,US-VT,US-VT-001,43.962,-72.9459,Long Trail--Middlebury Gap to Skylight Pond Shelter,2023-10-06 12:15,77,22
L3298275,US,US-VT,US-VT-023,44.1399,-72.9302,Long Trail--Mount Abraham to Mount Ellen,2026-07-20 09:00,49,18
L3298264,US,US-VT,US-VT-023,44.1844,-72.9291,Long Trail--Mount Ellen to Appalachian Gap,2025-08-23 10:45,47,8
L3298320,US,US-VT,US-VT-007,44.5047,-72.8251,"Long Trail--Nebraska Notch to Mt. Mansfield ""Forehead""",2026-07-28 12:25,34,7
L3298339,US,US-VT,US-VT-007,44.4337,-72.8622,Long Trail--Notch Road to Bolton Mountain,2026-05-09 12:20,40,4
L26616712,US,US-VT,US-VT-007,44.453992,-72.83872,Long Trail--Puffer Lodge,2025-11-20 07:07,6,1
L26752284,US,US-VT,US-VT-015,44.672362,-72.726798,Long Trail--Roundtop Shelter,2026-06-24 09:15,53,4
L3298315,US,US-VT,US-VT-015,44.5401957,-72.8026628,"Long Trail--Rte. 108 to Mt. Mansfield ""Adam's Apple""",2026-07-03 11:06,69,39
L3298231,US,US-VT,US-VT-001,44.0164,-72.9191,Long Trail--Skylight Pond Shelter to Cooley Glen Shelter,2026-06-19 05:22,50,23
L58079022,US,US-VT,US-VT-001,44.0879477,-72.9276055,Long Trail--Sunset Ledge,2026-07-27 13:37,31,8
L26632140,US,US-VT,US-VT-015,44.5426947,-72.8097332,Long Trail--Taft Lodge,2026-08-01 06:32,23,5
L1968081,US,US-VT,US-VT-023,44.303948,-72.881782,Long Trail--Wind Gap to Camels Hump summit,2025-11-09 10:45,56,16
L3298341,US,US-VT,US-VT-007,44.4027,-72.9117,Long Trail--Winooski River to Notch Road,2025-07-19 12:27,13,2
L2001621,US,US-VT,US-VT-003,42.775926,-73.135832,Long Trail/AT vicinity of County Road crossing,2025-09-02 11:15,70,17
L9217841,US,US-VT,US-VT-021,43.5199962,-72.9254072,Long Trail/AT--Clarendon Gorge,2026-05-25 14:04,58,13
L2006353,US,US-VT,US-VT-003,43.170447,-72.997861,Long Trail/AT--Spruce Peak section,2026-08-02 07:01,63,13
L2019639,US,US-VT,US-VT-003,43.2838288,-72.9361725,Long Trail/AT--Styles Peak/Peru Peak section,2026-06-28 11:14,64,21
L752059,US,US-VT,US-VT-011,44.7681735,-73.0927301,Lost Pond - Georgia (10 acres),2023-11-03 13:15,12,6
L4576855,US,US-VT,US-VT-003,43.2405642,-72.8830943,Lovers Lane Pond,2024-07-01 12:44,29,13
L1951775,US,US-VT,US-VT-021,43.6709137,-73.2049942,Loves Marsh WMA,2026-09-29 11:39,116,416
L752060,US,US-VT,US-VT-025,43.2246553,-72.7616111,Lowell Lake - Londonderry (109 acres),2026-09-04 08:15,86,79
L1959981,US,US-VT,US-VT-025,43.2231599,-72.7654767,Lowell Lake State Park,2026-09-04 08:15,119,174
L22672278,US,US-VT,US-VT-023,44.44558,-72.31319,Lower Cabot Town Forest,2023-02-18 16:10,4,1
L1937490,US,US-VT,US-VT-007,44.6107567,-73.1864548,Lower Lamoille WMA,2026-09-12 11:37,65,13
L165324,US,US-VT,US-VT-001,44.2053,-73.3147,Lower Otter Creek WMA,2026-08-26 10:18,117,32
L752061,US,US-VT,US-VT-007,44.3505722,-73.0861432,Lower Pond (Lake Sunset) - Hinesburg (58 acres),2026-09-14 20:04,44,10
L752062,US,US-VT,US-VT-005,44.2438266,-72.1025291,Lower Symes Pond - Ryegate (57 acres),2026-07-05 09:03,68,17
L12046518,US,US-VT,US-VT-003,43.1471444,-73.039495,Lye Brook Falls Trail,2026-07-20 14:01,72,72
L752063,US,US-VT,US-VT-003,43.0928078,-73.0343267,Lye Brook Meadows - N - Sunderland (10 acres)
L752064,US,US-VT,US-VT-003,43.0895148,-73.033115,Lye Brook Meadows - S - Sunderland (18 acres)
L752065,US,US-VT,US-VT-005,44.4453163,-72.2476326,Lyford Pond - Walden (33 acres),2026-06-17 10:21,24,8
L249167,US,US-VT,US-VT-027,43.6493938,-72.3153556,Lyman Point Park,2026-09-25 14:33,129,973
L13361374,US,US-VT,US-VT-005,44.5008057,-71.9913714,Lyndon State Forest,2026-03-07 13:22,50,19
L752066,US,US-VT,US-VT-005,44.4859439,-72.3654755,Mackville Pond - Hardwick (11 acres),2025-10-10 11:38,52,13
L247935,US,US-VT,US-VT-007,44.5238874,-73.231665,Macrae Farm Park,2026-09-26 08:27,161,859
L40650902,US,US-VT,US-VT-023,44.1835608,-72.8384529,Mad River Green,2026-09-24 10:30,37,11
L210454,US,US-VT,US-VT-023,44.2187565,-72.7859814,Mad River Greenway,2026-07-28 12:51,124,154
L23650263,US,US-VT,US-VT-023,44.18637,-72.836815,Mad River Heart of the Valley Trail Boardwalk,2026-09-06 11:58,58,25
L11512967,US,US-VT,US-VT-023,44.1822152,-72.8382855,Mad River Path--Fiddler's Walk,2026-03-31 13:59,63,38
L9462883,US,US-VT,US-VT-023,44.1182096,-72.8506322,Mad River Path--Warren Path,2026-09-08 07:47,69,64
L752068,US,US-VT,US-VT-009,44.6423721,-71.6518522,Maidstone Lake - Maidstone (745 acres),2026-06-08 11:28,77,28
L1960023,US,US-VT,US-VT-009,44.6384753,-71.6432405,Maidstone State Park / State Forest,2026-06-29 09:44,77,69
L7487086,US,US-VT,US-VT-023,44.2629657,-72.5695816,Main Street Middle School (Restricted Access),2026-05-01 00:00,47,97
L9770152,US,US-VT,US-VT-007,44.577227,-73.159677,Mallets Creek Wildlife Management Area,2026-09-12 12:56,60,19
L3973075,US,US-VT,US-VT-007,44.5525639,-73.2316057,Malletts Bay Fishing Access,2026-07-02 08:59,82,113
L3298302,US,US-VT,US-VT-015,44.5192,-72.8263,Maple Ridge Trail,2026-09-07 08:09,52,24
L7587061,US,US-VT,US-VT-007,44.6037946,-73.0238056,Maple Shade Town Forest,2026-08-09 14:08,83,27
L18462353,US,US-VT,US-VT-007,44.4854527,-73.1034736,Maple Street Park and Pool,2026-05-22 04:00,59,18
L1937531,US,US-VT,US-VT-011,44.9204032,-73.1594396,Maquam WMA / Swanton Town Beach,2026-09-28 17:35,166,482
L37744735,US,US-VT,US-VT-007,44.4633463,-73.1749339,Market St Park,2026-09-23 08:19,41,12
L752069,US,US-VT,US-VT-005,44.7000155,-72.06009,Marl Pond - Sutton (10 acres),2020-08-17 11:57,4,1
L26130263,US,US-VT,US-VT-013,44.86672,-73.340225,Marsh clearing on Main St.,2026-07-20 13:38,34,10
L271555,US,US-VT,US-VT-027,43.6334353,-72.5356719,Marsh-Billings-Rockefeller National Historical Park,2026-09-19 16:24,169,2085
L769957,US,US-VT,US-VT-027,43.6332689,-72.5288072,Marsh-Billings-Rockefeller National Historical Park--East Forest,2026-08-04 13:10,114,262
L697684,US,US-VT,US-VT-027,43.6309589,-72.5403514,Marsh-Billings-Rockefeller National Historical Park--Fields,2026-06-16 10:26,85,44
L769958,US,US-VT,US-VT-027,43.6307529,-72.5179496,Marsh-Billings-Rockefeller National Historical Park--Mansion Area,2026-09-17 08:19,124,330
L697688,US,US-VT,US-VT-027,43.6335909,-72.5426259,Marsh-Billings-Rockefeller National Historical Park--Pogue,2026-08-06 06:00,121,313
L697689,US,US-VT,US-VT-027,43.6366969,-72.5479474,Marsh-Billings-Rockefeller National Historical Park--West Forest,2026-08-24 13:46,131,736
L752086,US,US-VT,US-VT-023,44.3622535,-72.2892661,Marshfield (Molly's Falls) Reservoir - Cabot (397 acres),2026-09-16 16:45,90,140
L752071,US,US-VT,US-VT-023,44.3253599,-72.3303512,Marshfield Pond (Turtlehead Pond) - Marshfield (69 acres,2026-09-26 08:10,79,27
L13205364,US,US-VT,US-VT-023,44.288068,-72.40399,Martin Bridge Park,2026-09-26 10:16,91,49
L752072,US,US-VT,US-VT-005,44.3060961,-72.2121233,Martins Pond - Peacham (82 acres),2025-07-19 10:15,35,20
L2419290,US,US-VT,US-VT-007,44.5067143,-73.0671501,Mathieu Town Forest,2026-07-20 14:13,69,21
L752073,US,US-VT,US-VT-019,44.7399255,-72.1181553,May Pond - Barton (116 acres),2026-07-25 16:33,107,143
L752074,US,US-VT,US-VT-019,44.8288987,-72.4829007,McAllister Pond - Lowell (25 acres),2024-05-11 11:00,55,20
L752075,US,US-VT,US-VT-009,44.8152764,-71.8034222,McConnell Pond - Brighton (87 acres),2026-07-18 13:10,9,2
L165326,US,US-VT,US-VT-001,44.0241787,-73.3978562,McCuen Slang,2026-09-18 17:30,215,2007
L752076,US,US-VT,US-VT-027,43.8262524,-72.4840059,McIntosh Pond - Royalton (23 acres),2026-04-19 00:00,61,35
L33216945,US,US-VT,US-VT-023,44.4297653,-72.2564266,McQueeney Trails
L13508511,US,US-VT,US-VT-003,42.912431,-73.252316,McWaters Park,2026-08-18 10:00,59,26
L1412658,US,US-VT,US-VT-005,44.2603956,-72.0610482,Mcindoe Falls Park,2026-08-30 08:32,102,171
L208866,US,US-VT,US-VT-001,44.0169679,-73.1490885,Means Woods,2026-09-21 09:54,72,48
L752077,US,US-VT,US-VT-027,43.5556416,-72.6391633,Mecawee Pond - Reading (11 acres),2023-07-08 08:18,19,5
L54803597,US,US-VT,US-VT-003,42.8789316,-73.1968953,Merchants' Park,2026-03-21 12:31,9,3
L280833,US,US-VT,US-VT-003,43.2741734,-73.173573,Merck Forest,2026-09-21 12:30,140,457
L752078,US,US-VT,US-VT-011,44.7282785,-72.8838986,Metcalf Pond - Fletcher (81 acres),2026-09-03 17:00,95,165
L12287293,US,US-VT,US-VT-023,44.430853,-72.612259,Middle Peak - Worcester Range,2025-09-28 08:40,27,6
L9628505,US,US-VT,US-VT-001,44.0092361,-73.1775085,Middlebury College,2026-09-28 08:38,165,756
L14297679,US,US-VT,US-VT-001,44.0079759,-73.1876754,Middlebury College--Class of '97 Trail,2026-09-26 12:51,134,153
L18387892,US,US-VT,US-VT-001,43.9971097,-73.1787083,Middlebury College--Ralph Myhre Golf Course,2026-09-12 09:48,108,72
L16649185,US,US-VT,US-VT-001,44.002819,-73.165436,Middlebury College--Stephen C. Trombulak Nature Sanctuary,2026-09-25 06:32,127,122
L3505513,US,US-VT,US-VT-001,44.013663,-73.169018,Middlebury Falls,2026-09-06 19:00,102,450
L21083846,US,US-VT,US-VT-001,43.9391347,-72.9577826,Middlebury Snowbowl,2026-07-04 10:35,40,11
L21009500,US,US-VT,US-VT-001,43.987591,-73.095966,Middlebury State Airport,2026-06-15 06:30,15,3
L1934786,US,US-VT,US-VT-023,44.3224972,-72.7002239,Middlesex Notch WMA,2026-06-03 15:06,85,14
L3783844,US,US-VT,US-VT-023,44.3334999,-72.6869202,Middlesex Town Forest,2026-05-28 20:54,57,16
L1934792,US,US-VT,US-VT-023,44.288469,-72.6462364,Middlesex WMA,2023-02-01 09:45,24,6
L752079,US,US-VT,US-VT-009,44.7781778,-71.7998408,Mile Pond - Ferdinand (26 acres),2026-09-13 12:40,29,4
L752080,US,US-VT,US-VT-009,44.4465097,-71.8113354,Miles Pond - Concord (215 acres),2026-08-19 19:30,104,102
L724265,US,US-VT,US-VT-009,44.446603,-71.7930365,"Miles Pond, railroad bed east",2026-05-19 07:48,96,32
L752081,US,US-VT,US-VT-021,43.7052454,-73.2840063,Mill Pond (Parson's Mill Pond) - Benson (39 acres),2026-07-11 17:27,72,28
L1490302,US,US-VT,US-VT-011,44.9888105,-72.8519258,Mill Pond - Franklin,2026-09-02 09:34,112,345
L752082,US,US-VT,US-VT-027,43.472421,-72.398151,Mill Pond - Windsor (77 acres),2026-08-09 17:20,113,228
L11612941,US,US-VT,US-VT-023,44.2678003,-72.5690961,Mill Pond Park,2026-09-15 11:00,146,563
L812235,US,US-VT,US-VT-027,43.4664756,-72.4005439,Mill Pond South Wetland Complex,2026-07-02 07:12,60,18
L1274757,US,US-VT,US-VT-011,44.7820178,-73.1482172,Mill River Falls Natural Area,2025-04-28 12:30,84,50
L385047,US,US-VT,US-VT-025,43.131214,-72.443003,Mill St.--Bellows Falls,2026-09-11 14:29,134,980
L2609938,US,US-VT,US-VT-025,42.7846299,-72.5198507,Miller Farm field (Restricted Access),2026-05-31 10:33,185,744
L752083,US,US-VT,US-VT-017,43.8934196,-72.3063937,Miller Pond - Strafford (64 acres),2026-09-21 17:20,93,221
L517195,US,US-VT,US-VT-003,43.0399439,-73.1644821,Miller's Pond - Arlington,2026-09-25 11:04,167,719
L571462,US,US-VT,US-VT-007,44.5162156,-72.9442298,"Mills Riverside Park, Jericho",2026-09-29 12:00,135,493
L1176178,US,US-VT,US-VT-027,43.7104951,-72.3054457,Milt Frye Natural Area,2026-07-20 17:09,78,83
L752084,US,US-VT,US-VT-007,44.6348278,-73.0630698,Milton Pond - Milton (24 acres),2026-05-23 08:37,101,53
L3721298,US,US-VT,US-VT-007,44.6307337,-73.0610132,Milton Town Forest,2026-09-26 10:35,130,187
L9836639,US,US-VT,US-VT-007,44.623758,-73.1186179,Milton Village,2026-07-26 08:00,23,7
L752085,US,US-VT,US-VT-025,43.1432613,-72.4692978,Minards Pond - Rockingham (46 acres),2026-08-22 15:01,145,608
L14132504,US,US-VT,US-VT-021,43.6207863,-72.7544986,Mission Farm Trails,2026-07-06 13:40,72,34
L1676628,US,US-VT,US-VT-011,44.9918442,-73.1169968,Missisquoi Bay (southeast) / Goose & Gander Bays,2026-07-08 07:31,111,58
L165328,US,US-VT,US-VT-011,44.9727,-73.2196,Missisquoi Bay Bridge,2026-09-28 00:00,88,158
L109529,US,US-VT,US-VT-011,44.9595144,-73.1597403,Missisquoi NWR IBA,2026-09-30 09:10,257,9833
L1227281,US,US-VT,US-VT-011,44.9702025,-73.1789446,Missisquoi NWR--Charcoal Creek,2026-09-30 09:10,172,957
L474192,US,US-VT,US-VT-011,44.960729,-73.1345272,Missisquoi NWR--Dead Creek,2026-05-21 05:48,163,80
L1805488,US,US-VT,US-VT-011,44.9723436,-73.1678851,Missisquoi NWR--Mac's Bend & Jeep Trail,2026-09-25 15:00,187,673
L1144423,US,US-VT,US-VT-011,44.9424606,-73.1602549,Missisquoi NWR--Maquam & Black Creek Trails,2026-09-30 07:47,177,1259
L1805485,US,US-VT,US-VT-011,44.943726,-73.1989391,Missisquoi NWR--Maquam Bog / Old Railroad Passage,2026-06-22 09:15,167,658
L909563,US,US-VT,US-VT-011,45.0079027,-73.1431138,Missisquoi NWR--Mouth of River / Tip of delta,2026-09-02 11:55,164,224
L4526290,US,US-VT,US-VT-011,44.9596565,-73.2025802,Missisquoi NWR--Overlook Parking Area,2026-09-12 10:14,121,463
L272172,US,US-VT,US-VT-011,44.9537903,-73.2070595,Missisquoi NWR--Stephen Young Marsh,2026-09-25 14:33,195,2592
L12075224,US,US-VT,US-VT-011,45.0047321,-73.1608946,"Missisquoi NWR--Tip of delta, West Branch",2026-09-24 09:02,132,210
L1145281,US,US-VT,US-VT-011,44.9644184,-73.2005846,Missisquoi NWR--headquarters Vicinity / Discovery Trail,2026-09-25 09:31,185,1736
L969514,US,US-VT,US-VT-007,44.4540972,-72.9853535,Mobbs Farm,2026-07-23 09:23,125,216
L915263,US,US-VT,US-VT-025,43.1628219,-72.6400459,Mollie Beattie State Forest,2026-09-13 10:51,117,116
L16053614,US,US-VT,US-VT-015,44.4992,-72.6424,Molly Bog (UVM Natural Area),2023-06-28 10:11,32,5
L257580,US,US-VT,US-VT-025,42.8512845,-72.812277,Molly Stark State Park,2026-08-28 11:43,104,101
L752087,US,US-VT,US-VT-023,44.3949268,-72.2371219,Molly's Pond - Cabot (38 acres),2025-09-29 13:09,46,9
L12743891,US,US-VT,US-VT-023,44.2603232,-72.5867671,Montpelier High School,2026-08-23 19:08,95,120
L276478,US,US-VT,US-VT-027,43.7004771,-72.3052862,Montshire Museum of Science and Quinn Preserve,2026-09-14 15:12,121,123
L14411728,US,US-VT,US-VT-007,44.507916,-72.899342,Moore Park,2024-07-19 19:16,14,3
L35813778,US,US-VT,US-VT-005,44.3470694,-71.8574912,Moore Reservoir--Waterford Launch,2026-09-14 15:31,104,67
L4768052,US,US-VT,US-VT-001,43.9191847,-73.0271316,Moosalamoo Campground,2026-06-27 10:00,71,35
L207476,US,US-VT,US-VT-009,44.7640085,-71.7394073,"Moose Bog, Wenlock WMA",2026-09-28 15:10,178,5725
L8227254,US,US-VT,US-VT-023,44.2456399,-72.7589147,Moretown Town Forest,2026-07-12 11:18,74,17
L17296739,US,US-VT,US-VT-017,43.915516,-72.146237,Morey Mountain Conservation Area,2026-09-07 07:12,54,11
L10477532,US,US-VT,US-VT-025,42.8425456,-72.5547064,Morningside Cemetery,2026-09-25 14:35,114,274
L8127773,US,US-VT,US-VT-015,44.5042914,-72.6221006,Morristown Bog Natural Area,2026-05-18 06:36,85,25
L6643224,US,US-VT,US-VT-015,44.5733347,-72.7044725,Morristown Town Forest,2026-09-02 14:41,52,13
L17483389,US,US-VT,US-VT-015,44.5362902,-72.6140741,Morrisville-Stowe State Airport,2026-07-03 10:14,56,9
L1583724,US,US-VT,US-VT-001,44.2455858,-73.1422911,Morse Park,2026-06-30 08:50,75,26
L25054872,US,US-VT,US-VT-001,44.017893,-72.84981,"Moss Glen Falls, Granville",2025-07-06 11:02,7,3
L4679953,US,US-VT,US-VT-015,44.4851475,-72.6270908,"Moss Glen Falls, Stowe",2026-09-25 15:59,74,84
L3298278,US,US-VT,US-VT-001,44.1202,-72.9362,Mount Abraham summit,2026-09-16 06:29,51,22
L12967602,US,US-VT,US-VT-023,44.159578,-72.780583,Mount Alice Summit,2020-12-18 08:47,3,2
L4159697,US,US-VT,US-VT-003,42.9056454,-73.1877369,Mount Anthony Union Middle School,2025-01-01 09:29,21,3
L1959481,US,US-VT,US-VT-027,43.4445691,-72.432518,Mount Ascutney State Park,2026-08-05 17:23,119,237
L16726061,US,US-VT,US-VT-027,43.426915,-72.466044,Mount Ascutney State Park--Weathersfield Trail,2026-05-23 15:02,49,13
L3298270,US,US-VT,US-VT-023,44.1599,-72.9288,Mount Ellen summit,2026-07-19 10:33,71,33
L15468049,US,US-VT,US-VT-025,42.901766,-72.9126602,"Mount Haystack Trail, Wilmington, VT",2026-09-23 13:38,47,22
L165329,US,US-VT,US-VT-001,43.8264,-73.3808,Mount Independence,2026-08-16 13:00,155,224
L6189309,US,US-VT,US-VT-007,44.5433054,-72.8144605,Mount Mansfield summit,2026-09-07 18:00,69,98
L29275029,US,US-VT,US-VT-015,44.731588,-72.492056,Mount Norris,2026-09-26 12:50,31,5
L1579354,US,US-VT,US-VT-027,43.6219223,-72.507814,Mount Peg Park - east,2026-09-26 14:59,96,55
L603692,US,US-VT,US-VT-027,43.6223713,-72.5139182,Mount Peg Park - west,2026-07-20 16:16,89,60
L4662529,US,US-VT,US-VT-027,43.6134533,-72.5044999,Mount Peg--ridgeline ski trails,2024-07-22 10:00,55,22
L12339691,US,US-VT,US-VT-005,44.429609,-72.0209499,Mount Pleasant Cemetery,2026-05-18 14:26,53,18
L26534831,US,US-VT,US-VT-001,44.019595,-72.917318,Mount Roosevelt,2023-08-12 10:24,4,2
L26569467,US,US-VT,US-VT-001,44.004583,-72.926089,Mount Wilson,2025-06-12 06:03,12,3
L8035701,US,US-VT,US-VT-003,42.7480067,-73.1909475,Mountain Meadow Preserve (Bennington Co.),2026-08-28 18:54,66,44
L165330,US,US-VT,US-VT-027,43.4444,-72.4542,Mt. Ascutney,2026-08-05 17:23,108,159
L11323627,US,US-VT,US-VT-007,44.4865031,-73.2048875,Mt. Calvary Annex Cemetery,2026-04-06 18:31,48,52
L16007446,US,US-VT,US-VT-021,43.774174,-72.920362,Mt. Carmel State Forest,2022-08-09 17:32,4,1
L11798877,US,US-VT,US-VT-001,44.052,-72.9258403,Mt. Grant summit,2023-08-12 14:04,6,3
L165332,US,US-VT,US-VT-005,44.7127,-72.0538,Mt. Hor,2026-07-15 11:44,61,37
L165201,US,US-VT,US-VT-015,44.528164,-72.816124,Mt. Mansfield,2026-09-13 15:43,137,1096
L2232904,US,US-VT,US-VT-009,44.8973874,-71.5447283,Mt. Monadnock,2026-09-06 11:08,63,11
L165333,US,US-VT,US-VT-007,44.2784,-73.216,Mt. Philo State Park,2026-09-23 13:00,150,870
L165334,US,US-VT,US-VT-019,44.7297,-72.0315,Mt. Pisgah,2026-09-28 13:55,88,74
L12189958,US,US-VT,US-VT-023,44.418321,-72.638365,Mt. Putnam,2025-09-28 10:10,17,4
L2019654,US,US-VT,US-VT-021,43.3659993,-72.9342842,Mt. Tabor-Landgrove Rd. (Forest Rd. 10)--Northwest Section,2026-04-18 16:43,54,19
L2019658,US,US-VT,US-VT-021,43.3186836,-72.8778076,Mt. Tabor-Landgrove Rd. (Forest Rd. 10)--Southeast Section,2026-07-07 11:38,60,17
L752088,US,US-VT,US-VT-013,44.9777824,-73.2749179,Mud Creek Pond - Alburg (333 acres),2026-09-28 13:20,151,192
L165379,US,US-VT,US-VT-013,44.9819111,-73.2684107,Mud Creek WMA IBA,2026-09-28 13:20,184,621
L752090,US,US-VT,US-VT-017,43.8508817,-72.2532139,Mud Pond (Forscythe Pond) - Thetford (20 acres),2024-04-10 08:11,17,1
L752093,US,US-VT,US-VT-017,43.9906882,-72.7003979,Mud Pond - Braintree (10 acres),2024-06-12 17:46,51,6
L752094,US,US-VT,US-VT-019,44.6387167,-72.3944351,Mud Pond - Craftsbury (35 acres),2026-04-15 14:40,53,11
L752091,US,US-VT,US-VT-023,44.4319852,-72.3565134,Mud Pond - E -Woodbury (10 acres),2022-08-10 11:32,15,2
L752095,US,US-VT,US-VT-009,44.5795017,-71.7394116,Mud Pond - Granby (55 acres),2026-09-23 08:50,119,132
L752096,US,US-VT,US-VT-019,44.937018,-72.0287162,Mud Pond - Holland (14 acres)
L752097,US,US-VT,US-VT-015,44.6056505,-72.5039874,Mud Pond - Hyde Park (14 acres),2024-07-20 08:00,46,18
L752098,US,US-VT,US-VT-001,43.8873326,-73.0859174,Mud Pond - Leicester (23 acres),2021-04-17 00:00,1,4
L752099,US,US-VT,US-VT-019,44.916313,-72.0444807,Mud Pond - Morgan (11 acres),2019-06-25 07:22,10,2
L752100,US,US-VT,US-VT-019,44.9288323,-72.0138821,Mud Pond - Morgan (35 acres),2021-04-19 11:23,6,2
L752092,US,US-VT,US-VT-023,44.4872254,-72.393406,Mud Pond - N - Woodbury (16 acres),2025-04-29 13:05,29,4
L752101,US,US-VT,US-VT-005,44.3169765,-72.2115058,Mud Pond - Peacham (34 acres),2017-07-15 07:50,1,3
L752102,US,US-VT,US-VT-003,43.2232831,-72.8724897,Mud Pond - Peru (10 acres),2026-05-27 09:30,34,15
L752089,US,US-VT,US-VT-023,44.3940349,-72.3863858,Mud Pond - SE - Woodbury (18 acres),2020-09-27 11:41,16,2
L2098616,US,US-VT,US-VT-007,44.4137351,-73.0759907,Mud Pond Conservation Area,2026-07-27 10:05,132,231
L10006406,US,US-VT,US-VT-007,44.4128002,-73.0706209,Mud Pond Country Park,2026-06-27 11:02,58,19
L752103,US,US-VT,US-VT-021,43.737333,-73.1468142,Mudd Pond - Hubbardton (20 acres),2012-04-06 10:00,6,1
L247937,US,US-VT,US-VT-007,44.4750776,-73.1371486,Muddy Brook Park,2026-09-03 12:30,137,505
L1544071,US,US-VT,US-VT-007,44.4089731,-73.1522524,"Muddy Brook Pullout, Route 116.",2026-07-15 20:44,115,231
L673584,US,US-VT,US-VT-007,44.430792,-73.1482387,Muddy Brook Wetland Reserve,2026-09-27 08:07,147,339
L3857019,US,US-VT,US-VT-021,43.6294653,-73.0038071,"Muddy Pond, Rutland",2023-07-30 10:14,61,24
L752104,US,US-VT,US-VT-009,44.4908475,-71.6929783,Neal Pond - Lunenburg (185 acres),2026-09-07 09:11,77,24
L752105,US,US-VT,US-VT-019,44.7486059,-72.0242049,Negro Pond (Hedgehog) - Westmore (12 acres)
L752106,US,US-VT,US-VT-023,44.3181669,-72.5251227,Nelson Pond - East Montpelier (10 acres),2026-07-31 11:10,43,22
L1960064,US,US-VT,US-VT-005,44.3157116,-72.290833,New Discovery State Park,2026-09-25 20:44,78,53
L752107,US,US-VT,US-VT-005,44.7160239,-71.9823495,Newark Pond - Newark (153 acres),2026-05-29 08:31,83,67
L165337,US,US-VT,US-VT-019,44.9357,-72.2071,Newport,2026-09-27 15:56,126,326
L7199169,US,US-VT,US-VT-019,44.9749356,-72.1866308,Newport Bikepath,2026-09-06 10:58,181,1416
L165338,US,US-VT,US-VT-019,44.8918,-72.2293,Newport State Airport,2026-06-14 08:10,23,9
L2902345,US,US-VT,US-VT-003,43.2371056,-73.1011605,Nichols Hill Rd. Public Access Trail,2026-08-16 11:21,77,41
L752108,US,US-VT,US-VT-023,44.4573443,-72.3416121,Nichols Pond - Woodbury (171 acres),2025-09-06 17:56,36,43
L1960127,US,US-VT,US-VT-007,44.5847824,-73.1928921,Niquette Bay State Park,2026-09-27 08:13,143,434
L752109,US,US-VT,US-VT-017,43.8009314,-72.3044262,Norford Lake - Thetford (21 acres),2026-07-18 08:07,35,13
L2168757,US,US-VT,US-VT-003,42.8605912,-73.195585,Norman and Selma Greenberg Conservation Reserve,2026-09-17 08:14,131,283
L11136237,US,US-VT,US-VT-015,44.45475,-72.546655,North Branch Cascades--Elmore,2025-07-11 08:25,61,55
L11136239,US,US-VT,US-VT-023,44.4431,-72.541449,North Branch Cascades--Worcester,2026-07-04 16:44,45,32
L166319,US,US-VT,US-VT-023,44.2852,-72.5746,North Branch Nature Center,2026-09-29 16:28,172,3930
L7741672,US,US-VT,US-VT-023,44.2825294,-72.5709116,North Branch River Park,2026-09-29 16:28,175,4201
L165341,US,US-VT,US-VT-027,43.6042,-72.361,North Hartland Dam,2026-09-29 12:43,153,450
L752110,US,US-VT,US-VT-027,43.6132663,-72.3884387,North Hartland Reservoir - Hartland (215 acres),2026-09-06 11:45,107,93
L3973014,US,US-VT,US-VT-013,44.8854276,-73.2719502,North Hero Causeway Fishing Access,2026-06-21 08:19,74,76
L1244785,US,US-VT,US-VT-013,44.9139454,-73.2427168,North Hero State Park,2026-08-30 13:30,158,216
L26721981,US,US-VT,US-VT-019,44.95778,-72.535852,North Jay Peak,2023-08-23 11:10,2,1
L752111,US,US-VT,US-VT-023,44.3120696,-72.4430646,North Montpelier Pond - East Montpelier (72 acres),2026-09-04 17:24,99,70
L26488595,US,US-VT,US-VT-021,43.7488581,-72.8857698,North Pond (Chittenden),2023-08-09 14:30,4,1
L752112,US,US-VT,US-VT-017,44.0483341,-72.6178322,North Pond - Brookfield (24 acres),2021-11-06 11:00,33,2
L752113,US,US-VT,US-VT-025,42.7548842,-72.8788717,North Pond - Whitingham (20 acres),2020-08-31 09:12,6,0
L26752561,US,US-VT,US-VT-021,43.750468,-72.888206,North Pond Peak
L21840833,US,US-VT,US-VT-007,44.5199887,-73.2689166,North Shore Natural Area,2026-06-06 18:42,19,6
L7222101,US,US-VT,US-VT-027,43.3254509,-72.5138801,North Springfield Bog,2026-06-29 05:20,68,23
L752114,US,US-VT,US-VT-027,43.3442951,-72.5078213,North Springfield Reservoir - Springfield (290 acres),2026-09-20 09:29,181,739
L3615675,US,US-VT,US-VT-017,43.8417238,-72.1835339,North Thetford Landing,2026-06-14 12:26,124,132
L15015652,US,US-VT,US-VT-019,44.828589,-71.94819,NorthWoods Stewardship Center,2026-08-26 18:52,82,45
L13659098,US,US-VT,US-VT-009,44.752221,-71.633395,Northern Forest Canoe Trail--Bloomfield Pullout,2026-09-13 09:17,60,23
L17120383,US,US-VT,US-VT-001,44.0182565,-72.8092146,Northfield Mountain,2021-12-17 13:07,4,1
L12787480,US,US-VT,US-VT-023,44.1442433,-72.6274556,Northfield Village Forest,2026-06-26 09:42,29,3
L303126,US,US-VT,US-VT-021,43.6478166,-72.9509691,Northwood Park Loop,2026-08-18 09:38,144,830
L752115,US,US-VT,US-VT-009,44.9354329,-71.8669439,Norton Pond - Norton (583 acres),2026-04-27 06:45,84,42
L39088981,US,US-VT,US-VT-027,43.7130605,-72.3074802,Norwich Green,2026-08-10 19:06,24,4
L752116,US,US-VT,US-VT-009,44.7405466,-71.7180266,Notch Pond - Ferdinand (22 acres),2026-07-18 08:59,26,5
L752117,US,US-VT,US-VT-005,44.2279037,-72.3102289,Noyes Pond (Seyon Pond) - Groton (39 acres),2026-08-09 18:17,78,38
L165355,US,US-VT,US-VT-009,44.7641279,-71.7103581,Nulhegan Basin IBA,2025-06-29 12:29,128,149
L752118,US,US-VT,US-VT-009,44.7910082,-71.8169965,Nulhegan Pond - Brighton (37 acres),2026-09-10 13:27,97,70
L6071552,US,US-VT,US-VT-007,44.3939396,-73.0942471,Oak View Hill Trail,2026-05-18 20:55,74,27
L1226253,US,US-VT,US-VT-007,44.4531049,-73.2270098,Oakledge Park,2026-09-29 16:13,158,843
L4774071,US,US-VT,US-VT-021,43.407796,-72.749251,Okemo Mountain,2026-08-29 13:15,103,190
L752119,US,US-VT,US-VT-021,43.6328577,-73.2698326,Old Marsh Pond - Fair Haven (131 acres) and Marsh Pond WMA,2026-07-12 16:58,116,131
L247940,US,US-VT,US-VT-007,44.50687,-72.9986567,Old Mill Park,2026-09-19 09:25,88,97
L15199356,US,US-VT,US-VT-027,43.354334,-72.552528,Old Piper Road Trail,2021-05-31 10:37,20,2
L33216863,US,US-VT,US-VT-023,44.4017693,-72.310666,Old Town Center Trail,2026-09-06 12:21,8,1
L166149,US,US-VT,US-VT-027,43.75693,-72.23314,Ompompanoosuc River flats,2026-09-30 08:34,200,4013
L30804270,US,US-VT,US-VT-023,44.2923066,-72.5195859,Ormsbee Trail,2026-09-07 09:35,40,9
L752120,US,US-VT,US-VT-005,44.3084886,-72.2783846,Osmore Pond - Peacham (48 acres),2026-08-22 12:54,69,48
L2721658,US,US-VT,US-VT-027,43.5906374,-72.3462206,Ottauquechee River Mouth,2026-09-18 13:02,67,76
L167714,US,US-VT,US-VT-027,43.632412,-72.509285,Ottauquechee River Trail,2026-09-23 09:09,160,805
L11131634,US,US-VT,US-VT-001,44.0577516,-73.1839982,Otter Creek Gorge Preserve,2026-07-24 14:58,102,82
L11714393,US,US-VT,US-VT-001,43.9216793,-73.1743085,Otter Creek Swamps Natural Area (TNC),2026-09-26 08:50,120,157
L1938379,US,US-VT,US-VT-021,43.3619823,-72.9871237,Otter Creek WMA,2026-09-16 08:56,127,102
L568465,US,US-VT,US-VT-001,44.0197155,-73.1787837,Otter View Park,2026-09-17 07:47,168,2586
L33044050,US,US-VT,US-VT-001,44.166962,-73.24512,Outdoor Classroom (restricted access),2026-09-18 12:16,55,26
L38708287,US,US-VT,US-VT-007,44.3949408,-72.975955,Overocker Park River Access,2026-09-25 08:23,51,12
L7755851,US,US-VT,US-VT-003,43.2410691,-73.0686957,Owls Head Town Forest,2026-07-07 18:22,82,31
L23940573,US,US-VT,US-VT-027,43.3017697,-72.6283654,Owls Nest Preserve (restricted access),2023-04-30 10:30,18,1
L2098620,US,US-VT,US-VT-015,44.566357,-72.598649,Oxbow Park,2026-09-23 11:49,99,154
L752121,US,US-VT,US-VT-019,44.7145262,-72.366135,Page Pond - Albany (16 acres),2025-05-26 14:36,16,3
L20825916,US,US-VT,US-VT-023,44.137542,-72.6555242,Paine Mountain Trail,2026-07-12 09:36,68,20
L50451363,US,US-VT,US-VT-027,43.486044,-72.4004046,Paradise Park/Windsor Town Forest,2026-09-03 12:31,79,58
L752122,US,US-VT,US-VT-021,43.630802,-72.9824893,Patch Pond - Rutland (20 acres),2026-04-11 10:40,73,30
L15327688,US,US-VT,US-VT-017,43.9398994,-72.3381901,Patterson Mountain,2026-05-07 20:35,45,8
L752123,US,US-VT,US-VT-009,44.6907094,-71.6234768,Paul Stream Pond - Brunswick (20 acres),2017-07-14 09:52,4,0
L752124,US,US-VT,US-VT-005,44.3298991,-72.2611754,Peacham Pond - Peacham (340 acres),2026-09-24 08:17,80,46
L2776632,US,US-VT,US-VT-007,44.500703,-73.1306219,Pearl Street Park,2026-08-20 08:32,87,111
L2293406,US,US-VT,US-VT-007,44.3092322,-73.2344985,Pease Mountain (UVM Natural Area),2026-06-30 10:26,91,46
L2791269,US,US-VT,US-VT-027,43.7847122,-72.7602088,Peavine Access,2026-06-20 08:05,90,42
L752125,US,US-VT,US-VT-023,44.1677942,-72.536569,Pecks Pond - Barre (16 acres),2023-11-04 15:37,27,4
L2270841,US,US-VT,US-VT-013,44.8223017,-73.30897,Pelots Natural Area,2026-09-28 11:23,152,271
L752126,US,US-VT,US-VT-019,44.8728858,-72.0558149,Pensioner Pond - Charleston (173 acres),2026-09-16 17:25,82,94
L752127,US,US-VT,US-VT-021,43.7512444,-73.2797993,Perch Pond - Benson (24 acres),2025-08-09 20:07,45,10
L14944681,US,US-VT,US-VT-015,44.6612969,-72.878623,Peter A. Krusch Nature Preserve,2026-09-13 11:38,89,119
L752128,US,US-VT,US-VT-017,43.9973463,-72.6076104,Pickles Pond - Brookfield (17 acres),2026-09-10 08:27,151,209
L261472,US,US-VT,US-VT-021,43.6542829,-72.8382549,Pico Peak--Slopes,2026-08-10 07:06,66,17
L165346,US,US-VT,US-VT-021,43.6394,-72.8367,Pico Peak--Summit,2026-08-04 08:12,64,20
L752129,US,US-VT,US-VT-021,43.6491173,-72.8130882,Pico Pond - Killington (12 acres),2013-06-19 00:00,23,0
L752130,US,US-VT,US-VT-023,44.2474427,-72.3283198,Pigeon Pond - Groton (69 acres),2021-12-18 13:47,28,23
L8325254,US,US-VT,US-VT-021,43.6172942,-72.9943077,Pine Hill Park,2026-09-23 10:50,107,186
L740100,US,US-VT,US-VT-007,44.5213869,-73.2158518,Pine Island Road / Colchester Intervale,2026-09-06 10:00,175,1115
L1934813,US,US-VT,US-VT-017,44.1841736,-72.1861839,Pine Mountain WMA,2025-09-01 09:45,75,13
L752131,US,US-VT,US-VT-021,43.6375639,-73.1934038,Pine Pond - Castleton (40 acres),2026-09-29 12:50,9,1
L45421920,US,US-VT,US-VT-007,44.4888673,-73.0721114,Pinewood Park,2026-07-20 16:49,24,9
L9847046,US,US-VT,US-VT-015,44.4377941,-72.6471376,Pinnacle Meadows,2026-09-07 10:45,76,51
L13995446,US,US-VT,US-VT-021,43.7224855,-72.9885973,Pittsford Trails--Bald Peak Trail,2026-03-10 13:05,34,5
L291697,US,US-VT,US-VT-021,43.6927788,-73.0281717,Pittsford Trails--Cadwell Loop,2026-09-26 08:00,160,810
L19847742,US,US-VT,US-VT-021,43.7122395,-73.020802,Pittsford Trails--Recreation Area Trails,2026-06-30 09:36,84,33
L1225148,US,US-VT,US-VT-021,43.7152183,-72.994061,Pittsford Trails--Split Rock,2026-08-29 09:48,111,300
L29482250,US,US-VT,US-VT-025,42.8506223,-72.5573244,Plaza park,2026-09-22 12:19,37,13
L211112,US,US-VT,US-VT-021,43.6298966,-73.0540419,Pleasant St. Powerline,2026-06-14 06:40,131,425
L752132,US,US-VT,US-VT-025,42.8843048,-72.6122915,Pleasant Valley Pond - Brattleboro (25 acres),2026-02-16 10:12,51,10
L291889,US,US-VT,US-VT-021,43.535525,-72.7882406,Plymsbury WMA,2026-06-15 12:47,77,22
L1951750,US,US-VT,US-VT-017,43.8924805,-72.3297358,Podunk WMA,2026-08-12 14:11,69,31
L47424751,US,US-VT,US-VT-027,43.546962,-72.406048,Pohl Conservation Area,2026-05-09 06:13,47,7
L294874,US,US-VT,US-VT-021,43.7380698,-73.0508119,Pomainville WMA,2026-09-15 07:05,166,527
L9818167,US,US-VT,US-VT-007,44.484217,-73.207332,Pomeroy Park,2026-04-22 15:11,33,8
L2116349,US,US-VT,US-VT-027,43.6457649,-72.5255585,Pomfret Road Wetlands,2025-06-13 15:42,102,75
L8092679,US,US-VT,US-VT-027,43.7460881,-72.2390352,Pompy Farm Oxbow,2026-09-30 08:55,163,1221
L218332,US,US-VT,US-VT-021,43.4309946,-73.1918672,Pond Mountain,2026-08-11 09:55,19,11
L1951856,US,US-VT,US-VT-001,43.7679328,-73.2857609,Pond Woods WMA--North Unit,2024-05-02 12:11,43,1
L1951827,US,US-VT,US-VT-021,43.7364995,-73.2843018,Pond Woods WMA--South Unit,2026-05-15 14:41,80,27
L165347,US,US-VT,US-VT-011,44.8618,-73.1899,Popasquash Island IBA,2026-05-24 16:30,70,145
L9145190,US,US-VT,US-VT-017,43.8784134,-72.256594,Post Mills Natural Area,2025-08-03 16:20,68,14
L165349,US,US-VT,US-VT-001,44.0935032,-73.3922768,Potash Bay,2026-08-15 14:41,130,726
L3778755,US,US-VT,US-VT-021,43.5187736,-73.2465577,"Poultney River Floodplain, Green Mountain College Campus Trails",2026-09-09 09:08,137,253
L8090244,US,US-VT,US-VT-007,44.4238319,-72.9090874,Preston Pond,2025-05-17 09:15,56,15
L3300237,US,US-VT,US-VT-007,44.4263471,-72.9055309,Preston Pond Loop Trail,2026-09-21 10:09,96,111
L10942550,US,US-VT,US-VT-021,43.7647809,-72.9485064,Proctor Village Forest,2020-08-26 14:35,21,9
L1742168,US,US-VT,US-VT-019,44.9466542,-72.2082794,Prouty Beach,2026-08-21 15:10,104,49
L1535908,US,US-VT,US-VT-025,43.2076645,-72.8247339,Prouty Park,2026-07-05 08:00,46,7
L25801778,US,US-VT,US-VT-005,44.411486,-72.088439,Pumpkin Hill Town Forest,2025-10-04 08:58,26,2
L1784293,US,US-VT,US-VT-025,43.0067422,-72.4483049,Putney Great Meadow,2026-05-30 12:15,173,500
L71373,US,US-VT,US-VT-025,43.004429,-72.595599,Putney Mountain,2026-09-29 08:00,149,1520
L7710323,US,US-VT,US-VT-003,42.7923972,-73.254827,Quarry Hill,2026-08-05 07:48,94,39
L15059652,US,US-VT,US-VT-027,43.6376213,-72.4084058,Quechee Gorge,2026-09-26 10:39,116,144
L9285957,US,US-VT,US-VT-027,43.6481871,-72.4244285,Quechee Green Park,2026-08-30 14:32,90,38
L303696,US,US-VT,US-VT-027,43.6388549,-72.4100733,Quechee State Park and Gorge,2026-09-26 10:39,142,388
L8383835,US,US-VT,US-VT-015,44.4750035,-72.6866457,Quiet Path Weeks Hill Rd. Side,2026-09-06 17:30,106,84
L4336181,US,US-VT,US-VT-027,43.8287788,-72.6764459,Quimby Lot (Rindge Hill Town Forest),2026-09-01 14:43,8,3
L159749,US,US-VT,US-VT-021,43.48682,-72.95191,R Clarke Smith Forest & Wildlife Area,2022-11-19 15:25,48,6
L9260384,US,US-VT,US-VT-017,43.982656,-72.629518,Randolph Rest Area,2026-07-17 13:46,56,39
L29691210,US,US-VT,US-VT-017,43.909798,-72.69228,Randolph Town Forest / Sayward Forest,2026-06-05 00:00,2,1
L8261316,US,US-VT,US-VT-017,43.9243931,-72.6619206,Randolph Village Floodplain Forest,2026-08-22 19:36,51,16
L1473196,US,US-VT,US-VT-001,44.2716871,-73.1481812,Raven Ridge Natural Area,2026-08-22 15:30,129,245
L752134,US,US-VT,US-VT-027,43.501464,-72.653152,Reading Pond - Reading (22 acres),2020-12-12 14:10,17,3
L14609139,US,US-VT,US-VT-003,42.8896343,-73.0278145,Red Mill Pond,2026-09-19 10:21,25,11
L165351,US,US-VT,US-VT-007,44.4453,-73.2279,Red Rocks Park,2026-09-28 14:22,179,1355
L12596253,US,US-VT,US-VT-007,44.4605449,-73.2049376,Redstone Quarry (UVM Natural Area),2026-09-29 07:23,88,113
L752135,US,US-VT,US-VT-027,43.4493636,-72.700807,Rescue Lake - Ludlow (180 acres),2026-09-07 00:00,102,156
L752136,US,US-VT,US-VT-027,43.4389539,-72.6986374,Reservoir Pond (Lake Pauline) - Ludlow (32 acres),2026-08-10 16:20,66,38
L444152,US,US-VT,US-VT-025,42.8646727,-72.5626374,Retreat Meadows / West River Mouth,2026-09-28 11:38,211,891
L17117699,US,US-VT,US-VT-023,44.056549,-72.80087,Rice Mountain,2021-12-17 11:12,4,3
L752137,US,US-VT,US-VT-023,44.3693536,-72.351152,Richards Pond - Marshfield (14 acres),2026-09-13 09:09,29,2
L3679470,US,US-VT,US-VT-011,44.9669234,-72.606411,Richford Town Forest,2026-09-04 14:48,51,10
L33423743,US,US-VT,US-VT-007,44.423413,-73.008174,Richmond Park and Ride,2026-06-21 11:06,25,3
L752138,US,US-VT,US-VT-007,44.4181512,-72.9463099,Richmond Pond - Richmond (24 acres),2024-04-21 16:30,33,1
L752139,US,US-VT,US-VT-001,43.8648171,-73.2659283,Richville Pond - Shoreham (129 acres),2026-07-18 12:57,122,106
L752140,US,US-VT,US-VT-005,44.2462352,-72.2441142,Ricker Pond - Groton (95 acres),2026-08-25 00:05,62,45
L190916,US,US-VT,US-VT-005,44.2458102,-72.2510853,Ricker Pond State Park,2026-08-25 19:41,103,71
L752141,US,US-VT,US-VT-017,44.1413282,-72.351638,Riddel Pond - Orange (15 acres),2026-08-29 16:29,68,48
L1938780,US,US-VT,US-VT-027,43.8704257,-72.7722359,Riley Bostwick WMA,2024-09-12 16:26,31,8
L3489082,US,US-VT,US-VT-021,43.6019585,-73.0025479,Ripley Bridge / Dorr Dr.,2026-08-13 19:34,48,219
L752143,US,US-VT,US-VT-015,44.7464206,-72.5991162,Ritterbush Pond - Eden (14 acres),2026-08-31 11:31,54,16
L9089059,US,US-VT,US-VT-007,44.472695,-73.032764,"River Rd Pulloff, Essex",2026-01-04 08:20,57,77
L1167673,US,US-VT,US-VT-023,44.2815873,-72.6664066,"River Road, Southeast of Route 100B",2026-09-05 11:39,125,296
L9550415,US,US-VT,US-VT-007,44.637453,-73.113922,River Street Park,2026-07-11 10:06,28,12
L53800680,US,US-VT,US-VT-005,44.3456874,-71.8895234,Riverside Cemetery,2026-07-11 16:36,18,3
L752144,US,US-VT,US-VT-021,43.7158567,-73.2058807,Roach Pond - Hubbardton (20 acres),2025-11-26 12:42,62,52
L1939210,US,US-VT,US-VT-025,42.7389753,-72.5454497,Roaring Brook WMA / Vernon Town Forest,2026-08-20 08:08,78,27
L608201,US,US-VT,US-VT-001,43.957922,-73.011348,Robert Frost Trail,2026-09-26 17:07,139,567
L15375093,US,US-VT,US-VT-023,44.3721524,-72.5125527,Robinson Hill Trails,2026-09-19 08:45,89,33
L26506440,US,US-VT,US-VT-027,43.874107,-72.807404,Rochester Town Green,2026-08-18 09:06,23,7
L1952105,US,US-VT,US-VT-027,43.9204625,-72.7520227,Rochester WMA / Rochester Hollow Road,2022-09-10 10:30,7,1
L190326,US,US-VT,US-VT-011,44.777,-73.165,Rock Island IBA,2024-07-22 13:39,28,42
L17102758,US,US-VT,US-VT-011,44.9883558,-73.088522,Rock River Public Boat Launch,2026-07-23 07:39,113,56
L1559314,US,US-VT,US-VT-011,44.996611,-73.0724716,Rock River WMA,2026-08-20 08:45,171,625
L18513371,US,US-VT,US-VT-025,43.1997383,-72.507858,Rockingham Fire Pond,2026-09-04 10:41,62,36
L25799291,US,US-VT,US-VT-005,44.436548,-72.134698,Rodgers Lot Town Forest,2026-06-12 07:18,76,48
L20995845,US,US-VT,US-VT-001,44.223698,-73.233203,Rokeby Museum Trails,2026-06-28 14:08,81,25
L752145,US,US-VT,US-VT-017,44.0767999,-72.5870502,Rood Pond - Williamstown (23 acres),2026-06-01 16:45,27,9
L752146,US,US-VT,US-VT-021,43.6792657,-73.3494383,Root Pond - Benson (18 acres),2025-08-05 11:31,15,4
L2098615,US,US-VT,US-VT-007,44.5530168,-73.2516861,Rossetti Natural Area,2026-09-18 07:29,125,207
L9133185,US,US-VT,US-VT-025,42.8569638,-72.6401081,Round Mountain,2026-07-06 08:25,66,23
L752147,US,US-VT,US-VT-015,44.7059486,-72.526452,Round Pond - Eden (10 acres),2022-11-05 13:36,8,1
L752148,US,US-VT,US-VT-019,45.001692,-71.9256815,Round Pond - Holland (14 acres)
L752149,US,US-VT,US-VT-007,44.6655816,-73.1781065,Round Pond - Milton (22 acres),2024-04-24 13:00,42,9
L752150,US,US-VT,US-VT-017,44.1052738,-72.1590144,Round Pond - Newbury (30 acres),2023-07-11 06:32,24,1
L752152,US,US-VT,US-VT-005,44.6764445,-72.1519992,Round Pond - Sheffield (13 acres),2026-08-02 13:07,53,12
L3128164,US,US-VT,US-VT-013,44.6271757,-73.2792163,Round Pond Natural Area,2026-09-22 17:47,130,133
L295777,US,US-VT,US-VT-025,43.1942465,-72.4482637,Roundys Cove--Connecticut River,2026-04-18 12:24,127,327
L165352,US,US-VT,US-VT-013,44.9983194,-73.3451201,Rouses Point Bridge,2026-09-04 16:44,97,130
L169882,US,US-VT,US-VT-021,43.613995,-73.09848,"Route 4 Rest Area Westbound, Ira",2026-08-12 10:55,111,301
L752153,US,US-VT,US-VT-023,44.0845438,-72.7383796,Roxbury Flat - Roxbury (13 acres),2023-06-19 08:08,19,6
L393582,US,US-VT,US-VT-013,44.6439509,-73.3154778,Roy Marsh Wildlife Management Area & Roy Marsh Trail,2026-09-29 10:04,200,1412
L201121,US,US-VT,US-VT-005,44.2796671,-72.1389904,Roy Mountain WMA,2026-06-17 06:04,53,18
L752154,US,US-VT,US-VT-027,43.7835541,-72.573592,Royalton Hill Pond - Royalton (11 acres),2026-04-03 13:10,19,4
L679529,US,US-VT,US-VT-027,43.827267,-72.5969481,Royalton Town Forest,2026-05-09 00:00,58,11
L1193325,US,US-VT,US-VT-021,43.5817898,-72.9699898,Rte 4/Rte 7 Rutland County Audubon easement,2026-06-29 19:31,57,19
L24708028,US,US-VT,US-VT-019,44.632651,-72.211329,Runaway Pond Park,2026-06-21 11:50,19,2
L752155,US,US-VT,US-VT-015,44.6708561,-72.5309581,Rush Pond - Eden (14 acres),2025-11-15 12:54,1,1
L7394566,US,US-VT,US-VT-011,44.6836175,-73.0934653,Russell Greene Natural Area,2026-09-21 09:08,131,309
L1365221,US,US-VT,US-VT-007,44.3326867,-73.0984539,Russell Trails,2026-09-13 14:51,116,175
L31510321,US,US-VT,US-VT-023,44.334626,-72.752367,Rusty Parker Memorial Park,2026-07-10 18:27,29,9
L752156,US,US-VT,US-VT-021,43.6488878,-72.9431128,Rutland City Reservoir - Rutland (13 acres) (restricted access),2023-11-23 14:55,2,2
L423233,US,US-VT,US-VT-021,43.6196114,-72.9575443,Rutland Community Garden,2026-08-07 17:44,119,185
L752157,US,US-VT,US-VT-025,42.8157436,-72.8445114,Ryder Pond - Whitingham (14 acres),2025-07-20 11:47,14,4
L752158,US,US-VT,US-VT-023,44.3979241,-72.4166041,Sabin Pond (Woodbury Lake) - Calais (142 acres),2026-08-23 08:30,43,30
L10127351,US,US-VT,US-VT-023,44.254462,-72.561568,Sabin's Pasture,2026-09-28 16:45,101,98
L752159,US,US-VT,US-VT-025,42.7770947,-72.8785653,Sadawga Pond - Whitingham (194 acres),2026-07-26 12:37,100,41
L26351599,US,US-VT,US-VT-005,44.4250875,-72.0003679,Saint Johnsbury Municipal Forest,2026-07-12 15:31,30,3
L58172205,US,US-VT,US-VT-007,44.4959802,-73.1637432,Saint Michael's College,2026-09-09 11:26,70,12
L8032680,US,US-VT,US-VT-007,44.4966632,-73.1523212,Saint Michael's College Natural Area,2026-09-29 08:26,195,2101
L28900350,US,US-VT,US-VT-001,43.8978275,-73.0914492,Salisbury Mills Preserve,2026-08-11 07:28,47,6
L249505,US,US-VT,US-VT-007,44.4872613,-73.1895874,Salmon Hole Park,2026-09-11 10:47,120,186
L19326794,US,US-VT,US-VT-027,43.5027749,-72.7741203,Salt Ash Mountain,2022-05-28 12:55,8,3
L165353,US,US-VT,US-VT-007,44.6280461,-73.239069,Sand Bar State Park,2026-09-29 12:53,216,1579
L3831165,US,US-VT,US-VT-025,42.9834436,-72.5238419,Sand Hill Road / Wilson Wetland Preserve,2026-09-22 13:45,169,1364
L16861255,US,US-VT,US-VT-007,44.6232269,-73.2135599,Sandbar Access,2026-09-25 15:25,98,117
L2055067,US,US-VT,US-VT-007,44.6279911,-73.2451111,Sandbar Causeway (Chittenden County),2026-09-30 11:31,153,851
L12434635,US,US-VT,US-VT-013,44.632886,-73.2600696,Sandbar Causeway (Grand Isle County),2026-09-29 16:23,120,181
L165383,US,US-VT,US-VT-007,44.6204276,-73.2246778,Sandbar WMA IBA,2026-09-28 16:15,199,1238
L752160,US,US-VT,US-VT-005,44.3236815,-72.0710945,Sarah Moores Pond - Barnet (13 acres),2026-06-16 14:55,44,9
L752161,US,US-VT,US-VT-005,44.7315211,-71.9703171,Sawdust Pond - Newark (15 acres),2021-05-14 10:30,19,2
L58343593,US,US-VT,US-VT-013,44.6494157,-73.3447385,Sawyer Bay,2026-09-23 13:57,21,4
L9624919,US,US-VT,US-VT-007,44.4910335,-73.0343403,Saxon Hill Recreational Area,2026-09-10 07:06,152,1056
L21836866,US,US-VT,US-VT-007,44.5146167,-73.2464826,Schifilliti Park,2022-12-18 14:03,6,3
L752162,US,US-VT,US-VT-015,44.6490899,-72.5317878,Schofield Pond - Hyde Park (29 acres),2026-06-16 08:24,89,47
L3743350,US,US-VT,US-VT-023,44.1509749,-72.7806044,Scrag Mountain Forest,2026-06-12 10:28,40,17
L12967610,US,US-VT,US-VT-023,44.155711,-72.772014,Scrag Mountain Summit,2022-09-27 12:54,5,2
L752163,US,US-VT,US-VT-003,42.9041264,-72.9497102,Searsburg Reservoir - Searsburg (25 acres),2026-04-24 12:37,63,32
L3782199,US,US-VT,US-VT-019,44.7922118,-72.0346887,Sentinel Rock State Park,2026-09-28 17:11,83,120
L752164,US,US-VT,US-VT-019,44.899076,-71.9916789,Seymour Lake - Morgan (1769 acres),2026-09-23 07:34,88,88
L1968438,US,US-VT,US-VT-005,44.227304,-72.3043299,Seyon Lodge State Park,2026-06-21 09:28,82,44
L752165,US,US-VT,US-VT-009,44.4012178,-71.8711149,Shadow Lake - Concord (128 acres),2026-08-01 17:24,66,47
L752166,US,US-VT,US-VT-019,44.6674096,-72.2245947,Shadow Lake - Glover (210 acres),2026-08-10 08:43,99,52
L17247592,US,US-VT,US-VT-023,44.335717,-72.580771,Shady Rill Park,2023-04-23 07:03,11,8
L752167,US,US-VT,US-VT-003,43.0203763,-73.1825066,Shaftsbury Lake - Shaftsbury (27 acres),2026-09-06 08:54,127,196
L1960717,US,US-VT,US-VT-003,43.0217882,-73.1794381,Shaftsbury State Park,2026-09-21 07:51,145,466
L9321143,US,US-VT,US-VT-027,43.727469,-72.424804,Sharon Rest Area I-89,2026-09-26 11:08,71,73
L280815,US,US-VT,US-VT-021,43.6805354,-73.3619218,"Shaw Mountain, Benson",2024-06-27 14:35,97,51
L36881162,US,US-VT,US-VT-005,44.6677031,-72.1156471,Sheffield Wind Energy Facility,2024-09-26 16:32,3,1
L165354,US,US-VT,US-VT-007,44.4029098,-73.2323716,Shelburne Bay,2026-09-28 14:22,256,10012
L2284033,US,US-VT,US-VT-007,44.4036796,-73.2401848,Shelburne Bay Park / Allen Hill,2026-09-12 15:54,167,479
L236335,US,US-VT,US-VT-007,44.3958699,-73.2690485,Shelburne Farms,2026-09-26 09:11,227,2460
L58172647,US,US-VT,US-VT-007,44.3730576,-73.2318679,Shelburne Museum,2026-09-05 10:53,42,7
L387542,US,US-VT,US-VT-007,44.4288766,-73.2516861,Shelburne Point,2026-04-12 07:25,132,777
L752168,US,US-VT,US-VT-007,44.3867927,-73.1592588,Shelburne Pond - Shelburne (452 acres),2026-09-07 17:59,213,3760
L1457027,US,US-VT,US-VT-007,44.3764908,-73.1481275,"Shelburne Pond, Pond Road wetlands (UVM Natural Area)",2026-09-06 10:48,175,1703
L1822905,US,US-VT,US-VT-007,44.3774287,-73.1620912,Shelburne Pond--Fishing Access & UVM Natural Area,2026-09-07 17:59,204,1397
L1822919,US,US-VT,US-VT-007,44.3968725,-73.1607179,Shelburne Pond--North Shore,2026-04-26 12:50,32,4
L388524,US,US-VT,US-VT-007,44.3630717,-73.2671356,Shelburne Town Beach / Meach Cove,2026-09-27 07:30,202,2902
L15958529,US,US-VT,US-VT-025,42.775164,-72.663734,Sheppie's Field,2025-07-02 11:00,48,8
L2410153,US,US-VT,US-VT-021,43.663572,-72.8325534,Sherburne Pass,2026-07-03 12:53,92,36
L752170,US,US-VT,US-VT-025,42.7433872,-72.9260202,Sherman Reservoir - Whitingham (160 acres),2025-11-09 11:59,45,24
L752171,US,US-VT,US-VT-025,42.7470071,-72.8358346,Shippee Pond - Whitingham (24 acres),2025-04-16 07:00,24,15
L7526052,US,US-VT,US-VT-001,43.860223,-73.2533544,Shoreham Depot,2026-06-10 16:00,100,130
L279837,US,US-VT,US-VT-021,43.7795258,-73.1197366,Short Swamp Rd.,2026-06-16 10:30,117,211
L283883,US,US-VT,US-VT-021,43.5786733,-72.8045858,Shrewsbury Peak,2026-09-26 10:56,50,22
L16868773,US,US-VT,US-VT-005,44.2063412,-72.325359,Signal Mountain,2021-11-11 07:33,7,2
L752172,US,US-VT,US-VT-027,43.728623,-72.6106167,Silver Lake - Barnard (84 acres),2026-09-27 07:46,154,458
L752173,US,US-VT,US-VT-011,44.7100502,-73.0607878,Silver Lake - Georgia (27 acres),2026-09-28 12:42,129,397
L752174,US,US-VT,US-VT-001,43.8920564,-73.0523222,Silver Lake - Leicester (101 acres),2026-09-29 14:30,110,116
L1960167,US,US-VT,US-VT-027,43.731352,-72.6159811,Silver Lake State Park,2026-09-06 11:37,122,92
L19726878,US,US-VT,US-VT-009,44.767697,-71.70227,Silvio O. Conte NWR Nulhegan Basin Headquarters,2026-09-27 11:21,88,234
L435708,US,US-VT,US-VT-009,44.83259,-71.78146,Silvio O. Conte NWR--Mollie Beattie Bog,2026-09-07 08:22,91,198
L52843411,US,US-VT,US-VT-009,44.7858026,-71.7575627,Silvio O. Conte NWR--North Branch Trail,2026-09-25 14:54,63,30
L7169365,US,US-VT,US-VT-009,44.8433371,-71.7497596,Silvio O. Conte NWR--Nulhegan Basin Division,2026-09-29 09:20,149,2255
L474087,US,US-VT,US-VT-009,44.8275999,-71.7149949,Silvio O. Conte NWR--Peanut Dam Road,2026-09-29 09:20,124,908
L332397,US,US-VT,US-VT-009,44.7984367,-71.7002244,Silvio O. Conte NWR--Stone Dam Road,2026-09-27 11:09,131,489
L25054238,US,US-VT,US-VT-009,44.779108,-71.676961,Silvio O. Conte NWR--Stone Dam Road Boardwalk,2026-09-15 12:52,84,84
L474108,US,US-VT,US-VT-009,44.8592152,-71.7428256,Silvio O. Conte NWR--Tin Shack Road,2026-05-26 10:55,60,9
L165372,US,US-VT,US-VT-009,44.8203,-71.7319,Silvio O. Conte NWR--Yellow Bogs,2026-06-13 05:15,101,39
L165356,US,US-VT,US-VT-027,43.2920133,-72.4198151,Skitchewaug Mountain Wildlife Management Area,2026-04-17 09:30,27,3
L26569477,US,US-VT,US-VT-001,43.986649,-72.935804,Skylight Pond,2026-07-08 08:15,57,39
L1145103,US,US-VT,US-VT-001,44.1386094,-73.3136559,Slang Road,2026-09-16 12:30,164,563
L54520076,US,US-VT,US-VT-021,43.5131921,-73.223336,Slate Valley Trails--CCC Loop,2026-09-15 07:37,78,28
L12603645,US,US-VT,US-VT-021,43.4854937,-73.1949896,Slate Valley Trails--Country Club Trail,2026-08-05 09:19,76,37
L9456799,US,US-VT,US-VT-021,43.4347903,-73.2122942,Slate Valley Trails--Delaney Woods Trail,2026-09-29 07:24,107,121
L9396893,US,US-VT,US-VT-021,43.4709629,-73.1913351,Slate Valley Trails--Endless Brook Trail,2026-08-22 13:02,74,102
L9272816,US,US-VT,US-VT-021,43.5147241,-73.1726963,Slate Valley Trails--Fairgrounds East,2026-09-22 07:21,105,151
L9272824,US,US-VT,US-VT-021,43.5126751,-73.1882317,Slate Valley Trails--Fairgrounds West,2026-09-08 07:29,102,96
L9272835,US,US-VT,US-VT-021,43.5189036,-73.2037048,Slate Valley Trails--Howe Hill Trails,2026-09-26 07:38,62,27
L7941476,US,US-VT,US-VT-017,44.0523282,-72.0771151,"Sleepers Meadow, Newbury",2026-09-27 06:54,86,17
L22322099,US,US-VT,US-VT-007,44.3520562,-73.0293846,Sleepy Hollow Ski and Bike Center (Restricted Access),2026-07-05 10:49,63,33
L4660796,US,US-VT,US-VT-021,43.3447603,-73.0511048,Smokey House Center,2026-09-19 15:45,120,100
L218329,US,US-VT,US-VT-015,44.5547156,-72.7960038,Smuggler's Notch,2026-08-19 07:56,92,171
L51095851,US,US-VT,US-VT-015,44.5974665,-72.8006401,Smuggler's Notch Disc Golf Course,2026-07-27 11:21,48,12
L1960220,US,US-VT,US-VT-015,44.5208744,-72.7741241,Smugglers' Notch State Park,2026-09-13 14:56,106,209
L14889796,US,US-VT,US-VT-001,44.0119,-73.2658,"Snake Mountain South, TNC preserve",2026-08-02 11:09,94,94
L165375,US,US-VT,US-VT-001,44.0588491,-73.2740021,Snake Mountain WMA,2026-09-24 10:24,149,309
L752175,US,US-VT,US-VT-023,44.3258244,-72.5003315,Sodom Pond-East Montpelier (21 acres),2026-09-28 10:55,175,688
L752176,US,US-VT,US-VT-025,43.0003522,-72.9375947,Somerset Reservoir - Somerset (1568 acres),2026-06-05 09:30,88,142
L2006345,US,US-VT,US-VT-025,43.025414,-72.985731,Somerset Road north,2026-08-29 23:32,95,15
L2006346,US,US-VT,US-VT-025,42.940248,-72.983823,Somerset Road south,2026-09-05 11:05,112,28
L752177,US,US-VT,US-VT-009,44.7052675,-71.7444498,South America Pond - Ferdinand (29 acres),2026-07-18 10:17,70,31
L752178,US,US-VT,US-VT-019,44.9186384,-72.2092008,South Bay - Newport (470 acres),2026-04-15 13:34,117,68
L207580,US,US-VT,US-VT-019,44.8977043,-72.195161,South Bay WMA (IBA),2026-09-28 09:56,178,740
L357857,US,US-VT,US-VT-019,44.8715,-72.20008,"South Bay WMA (IBA)--Barton River Marsh, Coventry Station Rd.",2026-09-24 10:51,106,33
L293922,US,US-VT,US-VT-013,44.5934815,-73.3117418,South Hero Causeway,2026-09-23 11:30,151,441
L26057057,US,US-VT,US-VT-013,44.6371727,-73.3002521,South Hero Recreation Park,2025-08-23 13:12,24,4
L752179,US,US-VT,US-VT-017,44.041144,-72.6214829,South Pond - Brookfield (16 acres),2026-07-03 09:05,54,11
L752180,US,US-VT,US-VT-021,43.7162244,-72.8752264,South Pond - Chittenden (10 acres),2019-07-19 09:30,15,1
L752181,US,US-VT,US-VT-015,44.683393,-72.5271619,South Pond - Eden (103 acres),2025-08-17 09:35,21,4
L752182,US,US-VT,US-VT-025,42.8434176,-72.713069,South Pond - Marlboro (68 acres),2026-09-22 13:07,67,216
L752183,US,US-VT,US-VT-027,43.4635509,-72.5936727,South Reading Pond - Reading (12 acres)
L752184,US,US-VT,US-VT-003,42.8099283,-73.1788176,South Stream Pond - Pownal (24 acres) & South Stream WMA,2026-08-12 08:32,157,474
L1173179,US,US-VT,US-VT-023,44.30169,-72.555593,Sparrow Farm Rd. Trail,2026-06-19 09:21,118,179
L752185,US,US-VT,US-VT-009,44.7990931,-71.8512453,Spectacle Pond - Brighton (103 acres),2026-09-27 09:02,104,143
L4606903,US,US-VT,US-VT-001,43.9572403,-73.0258521,Spirit in Nature Trails,2026-09-03 13:15,79,32
L752186,US,US-VT,US-VT-021,43.4962238,-72.9185192,Spring Lake (Shrewsbury Pond) - Shrewsbury (66 acres),2026-07-03 06:54,98,49
L684263,US,US-VT,US-VT-027,43.2849467,-72.4108393,"Springfield Meadows (Flats), Connecticut River",2026-09-07 16:13,158,945
L752187,US,US-VT,US-VT-027,43.3519717,-72.487701,Springfield Reservoir - Weathersfield (10 acres),2026-05-16 09:44,128,83
L752188,US,US-VT,US-VT-025,42.8510629,-72.8390015,Spruce Lake - Wilmington (12 acres),2026-08-14 08:44,25,7
L752189,US,US-VT,US-VT-001,43.7626076,-73.2785152,Spruce Pond - Orwell (25 acres)
L165364,US,US-VT,US-VT-011,44.8095208,-73.1429372,St. Albans Bay Town Park,2026-09-27 15:48,158,840
L752191,US,US-VT,US-VT-011,44.7646231,-73.061519,"St. Albans Reservoir, North - Fairfax (35 acres)",2026-08-07 13:50,68,93
L752192,US,US-VT,US-VT-011,44.7564121,-73.0633792,"St. Albans Reservoir, South - Fairfax (27 acres)",2026-08-07 16:17,50,25
L713061,US,US-VT,US-VT-011,44.8226612,-73.0265092,St. Albans Town Forest,2026-06-28 09:31,97,54
L8421518,US,US-VT,US-VT-023,44.264144,-72.564234,St. Augustine Cemetery,2026-08-11 17:25,70,99
L14073076,US,US-VT,US-VT-007,44.488898,-73.204382,St. Joseph Cemetery,2026-06-12 12:40,42,12
L1995997,US,US-VT,US-VT-003,42.837776,-73.02811,Stage Coach Rd. / Forest Rd. 73,2020-05-23 16:30,23,1
L752193,US,US-VT,US-VT-003,42.8222259,-73.0651352,Stamford Pond - Stamford (12 acres)
L752194,US,US-VT,US-VT-027,43.8171884,-72.4253776,Standing Pond - Sharon (15 acres)
L752195,US,US-VT,US-VT-005,44.5296677,-72.1660584,Stannard Pond - Stannard (25 acres),2026-05-09 10:45,54,19
L752196,US,US-VT,US-VT-017,44.0854711,-72.5629678,Staples Pond - Williamstown (15 acres),2026-09-05 08:15,117,165
L752197,US,US-VT,US-VT-021,43.4200425,-72.8149152,Star Lake WMA and Star Lake - Mount Holly (63 acres),2026-04-04 09:51,54,11
L26564220,US,US-VT,US-VT-023,44.191635,-72.930945,Stark's Nest,2026-07-26 12:29,42,11
L62807440,US,US-VT,US-VT-001,44.198663,-73.036373,Starksboro Municipal Forest,2026-07-22 11:15,18,1
L12450984,US,US-VT,US-VT-007,44.5128531,-73.2686531,Starr Farm Community Garden,2026-06-03 19:29,72,19
L2396876,US,US-VT,US-VT-007,44.5159868,-73.2693672,"Starr Farm Overlook, Burlington Bike Path",2026-09-11 09:58,111,99
L11885347,US,US-VT,US-VT-007,44.5141421,-73.2654593,Starr Farm Woods,2026-06-04 08:38,73,40
L4028902,US,US-VT,US-VT-023,44.327962,-72.7615929,State Farm Property,2026-08-01 07:20,101,56
L1951399,US,US-VT,US-VT-005,44.5055655,-72.1891022,Steam Mill Brook WMA,2026-08-29 13:24,94,82
L14457872,US,US-VT,US-VT-005,44.5186822,-72.1786892,Steam Mill Brook WMA--Stannard section,2026-08-29 13:24,70,34
L14457929,US,US-VT,US-VT-005,44.4887917,-72.1886891,Steam Mill Brook WMA--Walden section,2022-06-02 08:13,24,1
L14457908,US,US-VT,US-VT-005,44.5577335,-72.1584956,Steam Mill Brook WMA--Wheelock section,2026-05-17 15:38,27,2
L3289622,US,US-VT,US-VT-025,42.7662965,-72.5032425,Stebbins Pumping Station,2026-03-10 10:51,100,336
L3973010,US,US-VT,US-VT-013,44.8948528,-73.2326773,Stephensen Point Fishing Access,2025-06-08 16:51,46,13
L6189313,US,US-VT,US-VT-015,44.5412418,-72.7173686,Sterling Forest,2026-07-04 10:23,59,18
L6525062,US,US-VT,US-VT-015,44.5559679,-72.7743816,Sterling Pond,2026-08-15 10:26,86,87
L45421941,US,US-VT,US-VT-007,44.4874396,-73.1157444,Stevens Park,2026-07-27 04:58,11,0
L752198,US,US-VT,US-VT-009,44.5985906,-71.5713599,Stevens Pond - Maidstone (26 acres),2026-01-11 08:36,1,0
L752199,US,US-VT,US-VT-005,44.4163518,-71.9398671,Stiles Pond - Waterford (135 acres),2026-07-20 08:02,120,139
L1210210,US,US-VT,US-VT-005,44.2774702,-72.2723579,Stillwater State Park,2026-08-12 06:15,81,46
L22052281,US,US-VT,US-VT-023,44.243682,-72.55763,Stonewall Meadows Park,2024-04-08 14:37,27,8
L3973038,US,US-VT,US-VT-013,44.8714504,-73.3587974,Stoney Point Fishing Access,2026-08-23 12:50,53,30
L1676106,US,US-VT,US-VT-001,43.8988597,-73.3732495,Stony Cove,2026-09-19 09:04,125,300
L752200,US,US-VT,US-VT-027,43.3804674,-72.5005825,Stoughton Pond - Weathersfield (56 acres),2025-11-22 11:26,98,75
L40595060,US,US-VT,US-VT-015,44.505665,-72.761786,Stowe Mountain Resort's Cross Country Ski Center Center,2026-09-17 18:16,42,7
L4152435,US,US-VT,US-VT-015,44.5283874,-72.7779275,Stowe Mountain Resort--Lower Spruce Creek Trail,2026-07-21 09:58,71,32
L15775295,US,US-VT,US-VT-015,44.4676266,-72.6852262,Stowe Recreation Path,2026-09-30 07:48,113,151
L3739862,US,US-VT,US-VT-023,44.3165529,-72.418504,Stranahan Town Forest,2026-09-21 13:55,113,88
L165365,US,US-VT,US-VT-025,43.0859,-72.9255,Stratton Mountain,2026-07-01 06:58,126,214
L2006355,US,US-VT,US-VT-025,43.073215,-72.941303,Stratton Mountain--Long Trail/AT from southwest,2026-06-30 09:55,88,68
L752201,US,US-VT,US-VT-025,43.1051371,-72.9689067,Stratton Pond - Stratton (46 acres),2026-08-08 05:44,99,41
L28501806,US,US-VT,US-VT-015,44.466202,-72.719761,Strawberry Hill Farm,2025-08-09 15:44,67,11
L3941486,US,US-VT,US-VT-021,43.7101683,-73.3223248,Strong Swamp,2026-09-17 10:58,109,233
L2616329,US,US-VT,US-VT-007,44.411436,-73.1242865,Sucker Brook Park,2026-07-06 11:56,87,83
L752202,US,US-VT,US-VT-001,43.9113797,-73.003139,Sugar Hill Reservoir - Goshen (63 acres),2026-08-22 12:50,77,36
L752203,US,US-VT,US-VT-021,43.7561692,-73.0279796,Sugar Hollow Pond - Pittsford (21 acres)
L17429811,US,US-VT,US-VT-023,44.131622,-72.873536,Sugarbush Resort Golf Club,2026-04-17 09:20,10,6
L14912629,US,US-VT,US-VT-023,44.265507,-72.572603,Summer Street Park,2026-07-13 11:35,77,116
L12983839,US,US-VT,US-VT-007,44.5150848,-73.172751,Sunny Hollow Natural Area,2026-08-03 18:14,77,42
L752204,US,US-VT,US-VT-021,43.7598722,-73.2610305,Sunrise Lake - Benson (57 acres),2026-06-25 11:30,40,7
L8003350,US,US-VT,US-VT-007,44.4125552,-73.0913324,Sunset Hill Rd.,2026-09-17 13:24,104,361
L752205,US,US-VT,US-VT-021,43.755558,-73.2710209,Sunset Lake - Benson (202 acres),2026-08-25 08:46,56,13
L752206,US,US-VT,US-VT-017,44.042297,-72.6047506,Sunset Lake - Brookfield (25 acres),2026-08-05 07:50,79,37
L752207,US,US-VT,US-VT-025,42.9180609,-72.6829367,Sunset Lake - Marlboro (96 acres),2026-09-28 10:55,56,49
L3298312,US,US-VT,US-VT-007,44.5424,-72.8264,Sunset Ridge Trail,2026-09-07 11:16,72,96
L3452727,US,US-VT,US-VT-021,43.6644625,-73.0339015,Sutherland Falls,2025-10-10 11:25,45,11
L4445821,US,US-VT,US-VT-011,44.9206236,-73.1278968,Swanton Falls,2026-09-28 00:00,65,131
L9342684,US,US-VT,US-VT-011,44.9155424,-73.1251781,Swanton Recreation Path,2026-05-21 13:20,47,8
L752208,US,US-VT,US-VT-025,42.7533282,-72.6348547,Sweet Pond and State Park - Guilford (20 acres),2026-08-14 10:33,70,20
L1461203,US,US-VT,US-VT-001,44.0969432,-73.0932993,Sycamore Park,2026-07-31 10:12,74,48
L3973124,US,US-VT,US-VT-011,44.9254892,-73.2146046,Tabor Point Fishing Access,2026-05-23 16:21,90,60
L4973499,US,US-VT,US-VT-021,43.6854083,-73.1436896,Taconic Mountains Ramble State Park,2026-09-25 07:25,102,104
L33217088,US,US-VT,US-VT-023,44.4047128,-72.3287401,Talbert Trails,2025-02-14 13:30,7,0
L6804670,US,US-VT,US-VT-007,44.4407357,-73.051722,Talcott Forest,2026-08-12 09:00,55,19
L1933918,US,US-VT,US-VT-007,44.4487323,-73.1444836,Technology Park,2026-09-23 12:54,118,650
L13350446,US,US-VT,US-VT-021,43.7600456,-72.9019642,Telephone Gap,2023-08-17 12:58,25,8
L752209,US,US-VT,US-VT-017,44.1602264,-72.1132072,Tenney Pond - Newbury (10 acres),2023-07-21 14:33,39,6
L11617774,US,US-VT,US-VT-017,44.0220751,-72.2901866,Tenney Rd.,2026-06-03 17:48,48,5
L5879591,US,US-VT,US-VT-001,43.9346185,-72.9005742,Texas Falls,2026-09-05 12:26,61,34
L1996122,US,US-VT,US-VT-003,42.778302,-73.170354,The Dome,2024-10-22 14:12,65,16
L15958510,US,US-VT,US-VT-025,42.775616,-72.667429,The Green River Timber Crib Dam,2025-10-06 06:49,63,11
L165366,US,US-VT,US-VT-013,44.7602,-73.302,The Gut,2026-07-27 14:50,121,255
L1951130,US,US-VT,US-VT-009,44.9873846,-71.7309809,The Kingdom State Forest
L49306124,US,US-VT,US-VT-023,44.1754052,-72.8332777,The Lareau Park,2026-08-09 08:04,58,13
L9152122,US,US-VT,US-VT-003,42.9292481,-73.2511282,The Mile Around Woods,2026-09-27 08:19,134,334
L312553,US,US-VT,US-VT-021,43.6630011,-73.398449,The Narrows WMA,2024-09-25 13:53,103,86
L15912299,US,US-VT,US-VT-025,43.0571338,-72.5740414,The Pinnacle,2026-08-24 13:43,57,15
L7755841,US,US-VT,US-VT-003,43.2589539,-73.0969408,The Pinnacle Forest,2026-08-15 14:12,87,75
L15386576,US,US-VT,US-VT-001,43.9406917,-73.1058336,The Pitch Pine Trail,2025-08-26 07:31,45,6
L10118190,US,US-VT,US-VT-007,44.3789498,-72.9144756,The Town of Bolton Water Woods (Nebikpiwi) Conservation Area,2026-09-06 18:06,68,23
L476806,US,US-VT,US-VT-001,44.1531051,-73.1423915,The Waterworks Property,2026-06-27 08:01,138,283
L1960467,US,US-VT,US-VT-017,43.8128299,-72.2355258,Thetford Hill State Park,2026-04-26 13:40,74,29
L743917,US,US-VT,US-VT-007,44.2686204,-73.3019399,Thompson's Point,2026-09-25 11:56,209,1017
L752210,US,US-VT,US-VT-003,42.7802033,-73.1864187,Thompsons Pond - Pownal (28 acres),2021-05-23 08:57,10,0
L12743059,US,US-VT,US-VT-005,44.4088413,-72.019929,Three Rivers Trail,2026-07-12 11:02,79,32
L9434380,US,US-VT,US-VT-021,43.680691,-72.7823639,Thundering Brook Falls Trail,2026-09-30 09:31,92,125
L752211,US,US-VT,US-VT-017,44.1857122,-72.4229617,Thurman W. Dix Reservoir - Orange (123 acres),2026-09-25 11:15,191,974
L1295453,US,US-VT,US-VT-007,44.3913893,-73.2407963,Ti-Haul Trail,2026-08-14 19:05,175,914
L752212,US,US-VT,US-VT-005,44.1882346,-72.0993745,Ticklenaked Pond - Ryegate (54 acres),2026-06-17 10:03,95,54
L752213,US,US-VT,US-VT-019,44.6438986,-72.2039319,Tildy's Pond (Clarks Pond) - Glover (33 acres),2026-07-28 07:07,77,96
L26704808,US,US-VT,US-VT-019,44.805745,-72.550688,Tillotson Peak,2026-05-17 13:00,19,2
L164836,US,US-VT,US-VT-021,43.4723059,-73.0319604,Tinmouth Channel WMA,2026-08-04 10:04,142,210
L752214,US,US-VT,US-VT-021,43.4601305,-72.7248537,Tiny Pond - Ludlow (29 acres),2024-08-11 12:30,6,2
L1938903,US,US-VT,US-VT-027,43.4629496,-72.714901,Tiny Pond WMA,2025-07-05 12:18,38,3
L752215,US,US-VT,US-VT-019,44.8487213,-72.0476537,Toad Pond - Charleston (22 acres),2024-05-25 05:17,24,8
L752216,US,US-VT,US-VT-019,44.9206381,-71.9403293,Toad Pond - Morgan (12 acres),2021-03-11 12:41,9,3
L752217,US,US-VT,US-VT-025,43.0546615,-72.7053106,Townshend Lake - Townshend (108 acres),2026-09-13 10:18,115,97
L38906554,US,US-VT,US-VT-025,43.078726,-72.706959,Townshend Lake Recreation Area and West River Trail,2026-08-31 13:48,89,37
L1960511,US,US-VT,US-VT-025,43.041026,-72.6924562,Townshend State Park,2026-06-27 13:43,77,21
L10051855,US,US-VT,US-VT-013,44.647362,-73.319734,Tracy Woods Community Trail,2026-08-22 11:05,70,22
L1649567,US,US-VT,US-VT-015,44.4649832,-72.7444337,Trapp Family Lodge,2026-09-28 08:47,133,419
L443329,US,US-VT,US-VT-001,44.0853502,-73.4071362,Tri-Town Water District Plant / Oven Bay,2026-09-14 09:31,177,1859
L18914294,US,US-VT,US-VT-007,44.51523,-73.052579,Trowbridge Crossing Trail,2026-08-16 06:39,72,13
L15496514,US,US-VT,US-VT-017,43.8888156,-72.4948351,Tunbridge World's Fair,2026-08-25 16:55,70,18
L1255384,US,US-VT,US-VT-001,44.1303163,-73.3686304,Turkey Lane,2026-08-15 14:19,159,646
L15201552,US,US-VT,US-VT-023,44.2545792,-72.5731469,Turntable Park,2026-08-20 13:00,65,185
L752218,US,US-VT,US-VT-019,44.99365,-71.9212467,Turtle Pond - Holland (27 acres),2025-08-02 06:44,40,4
L752219,US,US-VT,US-VT-009,44.7065346,-71.6287237,Tuttle Pond - Brunswick (14 acres),2026-05-01 07:06,24,2
L752220,US,US-VT,US-VT-005,44.5577351,-72.309461,Tuttle Pond - Hardwick (21 acres),2022-04-03 16:43,4,1
L526466,US,US-VT,US-VT-001,44.0660035,-73.2166243,Twin Bridges,2026-08-05 17:40,82,35
L752221,US,US-VT,US-VT-017,44.061385,-72.5780092,Twin Ponds - Brookfield (16 acres),2024-08-16 09:32,37,3
L7944169,US,US-VT,US-VT-023,44.2988303,-72.3907308,Twinfield Union Trails,2023-06-08 06:10,36,7
L3810398,US,US-VT,US-VT-007,44.4782582,-73.1973553,UVM campus,2026-09-30 11:31,148,2240
L15766908,US,US-VT,US-VT-007,44.5714799,-72.9404184,Underhill Beaver Marsh--Gerts Knob Rd.,2026-08-12 09:30,50,14
L15654751,US,US-VT,US-VT-007,44.5458687,-72.947712,Underhill Beaver Marsh--Route 15 (roadside birding only),2026-07-03 13:39,54,21
L1960566,US,US-VT,US-VT-007,44.5290169,-72.8428853,Underhill State Park,2026-09-11 13:30,99,223
L165368,US,US-VT,US-VT-017,43.7962738,-72.2591296,"Union Village Dam, Park, and Recreation Area",2026-09-22 08:02,159,501
L2021044,US,US-VT,US-VT-017,43.8200991,-72.2516603,Union Village Dam--Buzzell Bridge Rd.,2026-09-25 10:05,150,583
L752222,US,US-VT,US-VT-011,44.9160325,-73.084671,Unnamed Pond - Swanton (27 acres),2024-10-06 15:25,5,0
L752223,US,US-VT,US-VT-027,43.4050266,-72.4637647,Unnamed Pond - Weathersfield (49 acres),2026-05-04 14:04,69,29
L752224,US,US-VT,US-VT-017,44.1488305,-72.5743697,Unnamed Pond - Williamstown (28 acres),2021-08-17 21:54,1,0
L752225,US,US-VT,US-VT-005,44.4316192,-72.188542,Upper Danville Pond - Danville (19 acres),2019-07-14 11:24,12,1
L752226,US,US-VT,US-VT-005,44.2521215,-72.1105527,Upper Symes Pond - Ryegate (20 acres),2017-02-17 14:00,2,0
L165599,US,US-VT,US-VT-027,43.644732,-72.4117762,VINS Quechee Nature Center,2026-09-28 08:31,163,1014
L17905007,US,US-VT,US-VT-027,43.7868039,-72.4802343,VT-14 White River Pullout,2026-05-08 11:26,3,0
L752227,US,US-VT,US-VT-005,44.7048576,-72.0736547,Vail Pond - Sutton (16 acres)
L752228,US,US-VT,US-VT-023,44.4474418,-72.441072,Valley Lake (Dog Pond) - Woodbury (88 acres),2026-07-12 12:30,22,6
L2055044,US,US-VT,US-VT-007,44.7060287,-73.2093126,Van Everest fishing access,2024-08-14 12:18,50,19
L3973046,US,US-VT,US-VT-013,44.7194838,-73.3411793,Vantines Fishing Access,2026-08-22 13:00,82,133
L4749311,US,US-VT,US-VT-001,44.1687149,-73.2584023,Vergennes Falls Park,2026-06-28 13:25,102,95
L752229,US,US-VT,US-VT-001,44.1578507,-73.1387232,Vergennes Watershed (Norton Brook Res.) - Bristol (15 acres),2026-09-16 10:56,112,81
L461502,US,US-VT,US-VT-027,43.6961141,-72.3197365,Vermont Center for Ecostudies Office,2026-09-24 14:16,128,605
L7736196,US,US-VT,US-VT-001,44.1512326,-73.0180947,Vermont Family Forest--Guthrie Bancroft Property (Restricted Access),2026-06-23 15:53,90,28
L50082476,US,US-VT,US-VT-023,44.075915,-72.709513,Vermont Forest Cemetery,2026-06-11 13:47,12,5
L48017669,US,US-VT,US-VT-025,42.856697,-72.773067,Vermont Museum of Natural History - Pool Nature Center,2026-09-03 18:23,61,18
L8334934,US,US-VT,US-VT-023,44.262356,-72.580619,Vermont State House,2026-09-28 06:39,77,186
L553943,US,US-VT,US-VT-021,43.6047118,-73.1856655,Vermont State University Castleton Campus Trails,2026-09-30 08:07,109,220
L4241028,US,US-VT,US-VT-015,44.6404143,-72.6719105,"Vermont State University, Johnson--Campus",2026-09-22 13:10,81,104
L4241017,US,US-VT,US-VT-015,44.6407693,-72.6739731,"Vermont State University, Johnson--Lower Pond",2026-04-29 18:26,57,25
L4240976,US,US-VT,US-VT-015,44.6458647,-72.6725328,"Vermont State University, Johnson--Trails",2026-09-12 16:09,61,31
L45285195,US,US-VT,US-VT-017,43.939506,-72.604483,"Vermont State University, Randolph--Campus",2026-09-17 13:35,57,7
L29053621,US,US-VT,US-VT-021,43.5863027,-73.2922422,Vermont Welcome Center,2026-08-16 13:05,53,24
L2485314,US,US-VT,US-VT-025,42.7382304,-72.5251079,Vermont Woods Studios,2024-07-06 13:46,6,2
L19463201,US,US-VT,US-VT-007,44.3969953,-72.9599047,Vermont Youth Conservation Corps,2026-09-13 08:06,58,9
L1092452,US,US-VT,US-VT-025,42.7719042,-72.5151729,Vernon Dam (Vermont),2026-06-21 14:54,149,802
L752230,US,US-VT,US-VT-017,43.9633488,-72.2540836,Vershire Pond - E - Vershire (10 acres),2021-06-10 14:39,39,3
L165381,US,US-VT,US-VT-009,44.5351902,-71.7899171,Victory Basin IBA,2026-09-30 07:20,171,1814
L1807146,US,US-VT,US-VT-009,44.5342761,-71.7990408,Victory Basin WMA IBA--2010 Blowdown,2026-09-26 12:12,98,131
L1807141,US,US-VT,US-VT-009,44.5329085,-71.8175802,Victory Basin WMA IBA--Bog Trail,2026-07-05 12:55,121,153
L1807148,US,US-VT,US-VT-009,44.5276895,-71.8155202,Victory Basin WMA IBA--Damon's Crossing,2026-09-30 07:20,144,401
L1804729,US,US-VT,US-VT-009,44.5581033,-71.782057,Victory Basin WMA IBA--Pipeline east of River Road,2026-06-17 07:59,111,103
L1804731,US,US-VT,US-VT-009,44.5578205,-71.7910478,Victory Basin WMA IBA--Pipeline west of River Road,2026-09-24 11:25,93,49
L241324,US,US-VT,US-VT-009,44.5507764,-71.7802084,Victory Basin WMA IBA--Roger's Creek Trail,2026-09-25 08:50,113,202
L15163809,US,US-VT,US-VT-007,44.5458339,-73.1589904,Village Park,2026-09-19 07:17,116,268
L12270130,US,US-VT,US-VT-007,44.4148275,-72.8328512,Vista Peak,2026-07-25 09:06,57,13
L15068303,US,US-VT,US-VT-007,44.402389,-72.997709,Volunteers Green,2026-06-03 18:00,86,63
L3766147,US,US-VT,US-VT-027,43.628641,-72.572317,Vondell Reservoir - Woodstock,2026-07-13 10:27,64,24
L40702506,US,US-VT,US-VT-003,43.0971208,-73.1407714,Wagon Wheel Access Area - Batten Kill River (Arlington),2026-05-28 10:42,41,23
L1030228,US,US-VT,US-VT-017,43.9952535,-72.1192145,"Waits River, Connecticut River confluence",2026-09-25 08:05,197,1467
L752231,US,US-VT,US-VT-019,44.9261402,-72.2600024,Walker Pond - Coventry (18 acres),2026-03-15 16:37,25,1
L752232,US,US-VT,US-VT-021,43.7425001,-73.1413875,Walker Pond - Hubbardton (13 acres),2026-07-10 11:34,59,4
L752233,US,US-VT,US-VT-009,45.0114813,-71.6281539,Wallace Pond - Canaan (532 acres),2026-05-06 08:30,106,145
L752234,US,US-VT,US-VT-021,43.4141698,-72.9085842,Wallingford Pond - Wallingford (87 acres),2026-05-27 08:45,73,23
L752235,US,US-VT,US-VT-027,43.3079595,-72.8161183,Wantastiquet Pond - Weston (44 acres),2026-07-11 08:49,91,43
L752236,US,US-VT,US-VT-015,44.5588745,-72.4010281,Wapanacki Lake - Wolcott (21 acres),2024-07-20 08:00,16,8
L219302,US,US-VT,US-VT-023,44.2615229,-72.8215448,Ward Hill - Pratt Refuge,2026-09-30 06:48,122,296
L1678799,US,US-VT,US-VT-023,44.2667012,-72.8334007,Ward Hill - Red Gate (restricted access),2026-09-19 15:57,86,76
L1782732,US,US-VT,US-VT-021,43.5749061,-73.3892689,Ward Marsh WMA - Poultney River/East Bay IBA,2026-06-16 14:03,141,282
L752237,US,US-VT,US-VT-005,44.329774,-72.078516,Warden Pond - Barnet (46 acres),2022-10-10 17:35,3,3
L24565149,US,US-VT,US-VT-023,44.093957,-72.863692,Warren Falls,2026-08-17 10:38,39,21
L929631,US,US-VT,US-VT-007,44.392089,-72.9677582,Warren and Ruth Beeken Rivershore Trail,2026-06-13 09:47,117,197
L1935215,US,US-VT,US-VT-017,44.0248535,-72.3831224,Washington WMA,2023-07-18 07:15,35,6
L1960620,US,US-VT,US-VT-023,44.3808641,-72.7276039,Waterbury Center State Park,2026-09-12 17:41,145,256
L11121360,US,US-VT,US-VT-023,44.345335,-72.743598,Waterbury Park and Ride,2026-07-08 11:50,60,27
L752238,US,US-VT,US-VT-023,44.3894616,-72.7495736,Waterbury Reservoir - Waterbury (839 acres),2026-09-14 10:11,124,117
L11178051,US,US-VT,US-VT-023,44.382033,-72.741155,Waterbury Reservoir--Blush Hill Boat Launch,2026-09-02 16:51,45,8
L16630141,US,US-VT,US-VT-015,44.6901002,-72.7688855,Waterville Town Green,2026-02-16 08:30,18,4
L249168,US,US-VT,US-VT-027,43.6578999,-72.335487,Watson Park,2026-07-06 19:57,79,33
L752239,US,US-VT,US-VT-023,44.3878374,-72.4827111,Watson Pond - Calais (11 acres),2023-11-17 15:06,16,2
L752240,US,US-VT,US-VT-025,42.7424518,-72.6110395,Weatherhead Hollow Pond - Guilford (33 acres),2026-08-15 05:58,94,50
L1431618,US,US-VT,US-VT-027,43.3573648,-72.3986506,Weathersfield Bow,2025-12-14 12:56,116,77
L3742516,US,US-VT,US-VT-027,43.4263076,-72.4093866,Weathersfield Town Forest,2025-05-25 14:48,38,8
L1950908,US,US-VT,US-VT-027,43.3715524,-72.4188709,Weathersfield WMA,2026-02-15 14:00,2,1
L9208311,US,US-VT,US-VT-025,42.793022,-72.6268676,Weeks Memorial Forest,2025-08-04 13:56,50,7
L15944322,US,US-VT,US-VT-017,44.1577001,-72.0807607,Wells River Rail Trail,2026-05-27 05:30,80,17
L1935353,US,US-VT,US-VT-017,43.9080036,-72.2703838,West Fairlee WMA,2024-08-07 17:24,19,3
L752241,US,US-VT,US-VT-023,44.4178306,-72.3429969,West Hill Pond - Cabot (46 acres),2025-10-29 09:42,53,9
L11633591,US,US-VT,US-VT-027,43.391986,-72.715211,West Hill Recreation Area,2026-08-07 07:03,70,74
L752242,US,US-VT,US-VT-009,44.6889401,-71.6634952,West Mountain Pond - Maidstone (60 acres),2023-05-08 12:00,12,3
L10487431,US,US-VT,US-VT-025,42.906208,-72.5992424,West River Trail - Rice Farm Rd Trailhead,2026-09-07 10:40,83,44
L109531,US,US-VT,US-VT-021,43.6129,-73.0593,West Rutland Marsh IBA,2026-09-25 09:05,199,4598
L16136682,US,US-VT,US-VT-021,43.6227849,-73.0652851,West Rutland Marsh--Whipple Hollow Trail,2026-09-25 08:59,130,866
L746249,US,US-VT,US-VT-021,43.5850539,-73.0375171,West Rutland Recreation Area & Town Forest-Dodd Farm Block,2026-05-12 17:47,104,109
L24702798,US,US-VT,US-VT-007,44.6017127,-73.0152457,Westford School Trails,2026-08-13 10:00,77,22
L1668407,US,US-VT,US-VT-025,43.0851418,-72.4391339,Westminster Station,2026-09-18 15:45,119,568
L12942674,US,US-VT,US-VT-025,43.0264499,-72.504516,Westminster Town Forest--George D. Aiken Lot,2026-05-31 14:37,28,2
L1207080,US,US-VT,US-VT-019,44.762809,-72.0829725,Westmore Town Forest,2026-08-27 12:39,85,52
L26752554,US,US-VT,US-VT-021,43.778843,-72.928125,Wetmore Gap,2023-08-10 07:48,2,1
L1925545,US,US-VT,US-VT-005,44.732622,-72.094067,Wheeler Mountain,2026-09-26 10:37,76,26
L16858752,US,US-VT,US-VT-007,44.4419613,-73.1704044,Wheeler Nature Park,2026-09-26 13:07,162,781
L752243,US,US-VT,US-VT-019,44.7149958,-72.1011419,Wheeler Pond - Barton (15 acres),2026-07-11 08:00,60,16
L752244,US,US-VT,US-VT-009,44.7080992,-71.6407773,Wheeler Pond - Brunswick (66 acres),2022-06-30 14:11,2,3
L15011219,US,US-VT,US-VT-025,42.8596258,-72.6019838,Whetstone Woods Preserve,2026-09-30 07:01,94,99
L1965409,US,US-VT,US-VT-021,43.6676233,-73.0649185,Whipple Hollow WMA,2023-06-19 11:35,56,4
L1938954,US,US-VT,US-VT-003,42.8906179,-73.2650757,Whipstock Hill WMA,2026-09-17 07:58,126,226
L2402528,US,US-VT,US-VT-007,44.2702547,-73.301543,Whiskey Bay (Cove),2026-08-22 12:40,153,353
L165371,US,US-VT,US-VT-027,43.6463706,-72.3266215,White River Junction (village),2026-09-25 08:22,135,221
L1950992,US,US-VT,US-VT-027,43.7638108,-72.4572372,White River WMA,2026-08-12 17:21,50,10
L11996411,US,US-VT,US-VT-023,44.389187,-72.653014,White Rock Mountain,2026-08-08 10:29,59,36
L211622,US,US-VT,US-VT-021,43.4478496,-72.9473922,White Rocks National Recreation Area,2026-08-15 11:06,90,160
L12338125,US,US-VT,US-VT-003,42.8899284,-73.1804116,White Rocks Trail,2024-06-02 10:18,56,6
L6476667,US,US-VT,US-VT-013,44.6219955,-73.3222241,White's Beach,2026-06-29 15:24,86,89
L26658269,US,US-VT,US-VT-015,44.582383,-72.73984,Whiteface Mountain,2024-02-22 10:45,3,2
L166120,US,US-VT,US-VT-001,44.0330487,-73.3964332,Whitney Creek/Hospital Creek WMA,2026-09-29 09:50,228,3278
L4644412,US,US-VT,US-VT-015,44.4965742,-72.7275047,Wiessner Woods,2026-08-25 09:10,80,69
L1935420,US,US-VT,US-VT-015,44.7113966,-72.4426675,Wild Branch WMA,2025-05-12 14:15,18,2
L687022,US,US-VT,US-VT-027,43.6744694,-72.3030036,Wilder Dam--boat ramp,2026-09-30 07:05,198,3980
L280343,US,US-VT,US-VT-027,43.6681182,-72.3045591,Wilder Dam--outflow overlook,2026-09-29 09:57,127,1436
L165634,US,US-VT,US-VT-027,43.6791,-72.30381,"Wilder Picnic Area, Connecticut River",2026-07-22 10:34,147,473
L1960656,US,US-VT,US-VT-027,43.3902358,-72.4075842,Wilgus State Park,2026-09-12 12:50,93,61
L31127005,US,US-VT,US-VT-001,44.1019604,-72.9919043,Willard's Woods,2026-07-26 14:17,43,5
L45232998,US,US-VT,US-VT-005,44.666654,-71.965027,Willey Woods Town Forest,2026-09-13 10:17,46,4
L25648833,US,US-VT,US-VT-023,44.3539844,-72.7532122,William G. & L. Chila Russell Conservation Project,2026-06-15 08:03,36,6
L3785208,US,US-VT,US-VT-003,42.8879767,-73.2449055,William H. Morse State Airport,2026-09-11 18:23,148,745
L2098614,US,US-VT,US-VT-007,44.2711403,-73.2555056,Williams Woods Natural Area,2026-05-16 07:32,100,80
L1951435,US,US-VT,US-VT-019,44.8273868,-72.1980286,Willoughby Falls WMA,2026-07-23 08:06,128,227
L28474885,US,US-VT,US-VT-003,42.898817,-73.195409,Willow Park,2026-09-11 16:25,37,5
L5974894,US,US-VT,US-VT-001,44.0475759,-73.2861042,Wilmarth Woods,2026-07-19 15:03,77,34
L14987926,US,US-VT,US-VT-025,43.1968603,-72.6844583,Windham Powerlines,2026-05-23 13:22,68,22
L15956220,US,US-VT,US-VT-025,43.030324,-72.600868,Windmill Hill Trail--Windmill Ridge Nature Reserve,2024-07-29 09:48,16,5
L725081,US,US-VT,US-VT-027,43.500809,-72.434608,Windsor Grasslands WMA,2026-09-29 18:00,166,1746
L4685401,US,US-VT,US-VT-027,43.500795,-72.4448562,Windsor Grasslands WMA--Pond Rd,2026-07-02 10:10,87,33
L2710762,US,US-VT,US-VT-007,44.4886683,-73.1625938,Winooski Gorge,2025-10-27 14:28,77,61
L249499,US,US-VT,US-VT-007,44.4918833,-73.1786908,Winooski Nature Trail,2026-09-19 08:35,137,209
L235347,US,US-VT,US-VT-007,44.4891888,-73.1854248,Winooski River Walk,2026-08-26 18:32,130,380
L58036316,US,US-VT,US-VT-025,42.841571,-72.574641,Winston Prouty Trails,2026-08-17 08:45,61,12
L1024410,US,US-VT,US-VT-001,43.9604801,-73.4048295,Witherell Landing,2026-09-19 09:55,99,112
L3692884,US,US-VT,US-VT-007,44.5506238,-73.1388134,Wolcott Family Natural Area,2026-08-31 15:51,107,92
L752246,US,US-VT,US-VT-015,44.5653366,-72.4206546,Wolcott Pond - Wolcott (74 acres),2024-09-23 13:10,75,18
L341961,US,US-VT,US-VT-003,42.8881653,-73.0361652,Woodford State Park,2026-09-30 10:10,121,286
L1960678,US,US-VT,US-VT-011,44.803032,-73.2073975,Woods Island State Park,2024-07-03 12:38,62,10
L249498,US,US-VT,US-VT-007,44.5017875,-73.1405289,Woodside Natural Area,2026-09-30 11:04,179,2689
L752247,US,US-VT,US-VT-027,43.5630852,-72.7585759,Woodward Reservoir - Plymouth (106 acres),2026-07-06 19:01,112,91
L12076282,US,US-VT,US-VT-023,44.442988,-72.591456,Worcester Mountain,2026-09-24 07:45,62,17
L752248,US,US-VT,US-VT-023,44.4002408,-72.5293776,Worcester Pond - Lower - Worcester (35 acres),2020-04-12 06:36,16,2
L752249,US,US-VT,US-VT-023,44.4107585,-72.5274124,Worcester Pond - Upper -Worcester (11 acres),2020-04-12 06:51,16,2
L1935467,US,US-VT,US-VT-023,44.3986511,-72.5408363,Worcester Woods WMA,2022-10-24 15:40,8,1
L572447,US,US-VT,US-VT-001,44.0324441,-73.1777859,Wright Park,2026-09-19 08:19,142,348
L10013713,US,US-VT,US-VT-017,44.0380621,-72.1701555,Wright's Mountain Trails,2026-09-09 11:12,79,59
L752250,US,US-VT,US-VT-023,44.3149479,-72.5741379,Wrightsville Reservoir - East Montpelier (190 acres),2026-09-22 09:15,156,330
L3946015,US,US-VT,US-VT-023,44.1825117,-72.8275967,Wu Ledges Forest,2026-07-26 08:00,82,45
L165373,US,US-VT,US-VT-013,44.7401,-73.3459,Young Island IBA,2026-05-23 18:16,82,145
L752251,US,US-VT,US-VT-015,44.6091024,-72.5016793,Zack Woods Pond - Hyde Park (23 acres),2026-07-05 15:42,61,117
L1498772,US,US-VT,US-VT-017,43.8239416,-72.2252009,Zebedee Wetlands,2026-09-04 07:45,131,311
L28347572,US,US-VT,US-VT-001,44.013213,-73.15325,"stakeout Ash-throated Flycatcher, Middlebury--Middlebury East/Battell Hill (2023)",2026-05-23 14:54,37,81
L38433807,US,US-VT,US-VT-025,42.8587431,-72.5864817,"stakeout Bullock's Oriole--80 MacIntosh Lane, Brattleboro (2024)",2025-04-09 08:00,34,143
L10897505,US,US-VT,US-VT-027,43.6351786,-72.5228132,"stakeout Crested Caracara, Woodstock (2020)",2020-03-07 14:35,10,5
L3185570,US,US-VT,US-VT-001,43.9882434,-73.3679545,"stakeout Harris's Sparrow, Basin Harbor Rd., Bridport (November 2015-April 2016)",2022-07-01 12:38,55,134
L28135148,US,US-VT,US-VT-025,42.8870857,-72.589752,"stakeout Painted Bunting, Brattleboro--962 W River Rd (2023)",2026-04-03 18:27,22,22
L5555030,US,US-VT,US-VT-021,43.80045,-73.113813,"stakeout Trumpeter Swan, Brandon (2017)",2024-06-21 19:51,50,80
L3750231,US,US-VT,US-VT-007,44.3319528,-73.2605159,"stakeout Western Meadowlark, Lake Rd., Charlotte (June-July 2015)",2026-03-29 14:37,90,158
L55034167,US,US-VT,US-VT-015,44.4805789,-72.6949769,"stakeout Western Tanager, Alger Rd., Stowe (2025)",2025-11-30 10:20,28,34
